"itemOptionID","itemOptionSortOrder","itemOptionItem","itemOptionSlot","itemOptionEnchantment","createBy","createTime","updateBy","updateTime"
10000,0,"Goggles","Augment 1","Yellow",0,"2021-10-04 04:02:44",0,"2021-10-04 04:02:44"
10010,1,"Goggles","Augment 1","Blue",0,"2021-10-04 04:02:44",0,"2021-10-04 04:02:44"
10020,2,"Goggles","Augment 1","Colorless",0,"2021-10-04 04:02:44",0,"2021-10-04 04:02:44"
10030,3,"Goggles","Augment 2","Yellow",0,"2021-10-04 04:02:44",0,"2021-10-04 04:02:44"
10040,4,"Goggles","Augment 2","Blue",0,"2021-10-04 04:02:44",0,"2021-10-04 04:02:44"
10050,5,"Goggles","Augment 2","Colorless",0,"2021-10-04 04:02:44",0,"2021-10-04 04:02:44"
10060,6,"Goggles","Prefix","Ability (Intelligence)",0,"2021-10-04 04:02:44",0,"2021-10-04 04:02:44"
10070,6,"Goggles","Prefix","Ability (Wisdom)",0,"2021-10-04 04:02:44",0,"2021-10-04 04:02:44"
10080,6,"Goggles","Prefix","Seeker",0,"2021-10-04 04:02:44",0,"2021-10-04 04:02:44"
10090,6,"Goggles","Prefix","Blindness Immunity",0,"2021-10-04 04:02:44",0,"2021-10-04 04:02:44"
10100,6,"Goggles","Prefix","Persuasion",0,"2021-10-04 04:02:44",0,"2021-10-04 04:02:44"
10110,6,"Goggles","Prefix","Skill (Concentration)",0,"2021-10-04 04:02:44",0,"2021-10-04 04:02:44"
10120,6,"Goggles","Prefix","Skill (Disable Device)",0,"2021-10-04 04:02:44",0,"2021-10-04 04:02:44"
10130,6,"Goggles","Prefix","Skill (Search)",0,"2021-10-04 04:02:44",0,"2021-10-04 04:02:44"
10140,6,"Goggles","Prefix","Spell Focus (Abjuration)",0,"2021-10-04 04:02:44",0,"2021-10-04 04:02:44"
10150,6,"Goggles","Prefix","Spell Focus (Conjuration)",0,"2021-10-04 04:02:44",0,"2021-10-04 04:02:44"
10160,6,"Goggles","Prefix","Spell Focus (Divination)",0,"2021-10-04 04:02:44",0,"2021-10-04 04:02:44"
10170,6,"Goggles","Prefix","Spell Focus (Enchantment)",0,"2021-10-04 04:02:44",0,"2021-10-04 04:02:44"
10180,6,"Goggles","Prefix","Spell Focus (Evocation)",0,"2021-10-04 04:02:44",0,"2021-10-04 04:02:44"
10190,6,"Goggles","Prefix","Spell Focus (Illusion)",0,"2021-10-04 04:02:44",0,"2021-10-04 04:02:44"
10200,6,"Goggles","Prefix","Spell Focus (Necromancy)",0,"2021-10-04 04:02:44",0,"2021-10-04 04:02:44"
10210,6,"Goggles","Prefix","Spell Focus (Transmutation)",0,"2021-10-04 04:02:44",0,"2021-10-04 04:02:44"
10220,6,"Goggles","Prefix","Underwater Action",0,"2021-10-04 04:02:44",0,"2021-10-04 04:02:44"
10230,6,"Goggles","Suffix","Melee Alacrity",0,"2021-10-04 04:02:44",0,"2021-10-04 04:02:44"
10240,6,"Goggles","Suffix","Ranged Alacrity",0,"2021-10-04 04:02:44",0,"2021-10-04 04:02:44"
10250,6,"Goggles","Suffix","Deadly",0,"2021-10-04 04:02:44",0,"2021-10-04 04:02:44"
10260,6,"Goggles","Suffix","Spell Penetration",0,"2021-10-04 04:02:44",0,"2021-10-04 04:02:44"
10270,6,"Goggles","Suffix","Accuracy",0,"2021-10-04 04:02:44",0,"2021-10-04 04:02:44"
10280,6,"Goggles","Suffix","Skill (Open Lock)",0,"2021-10-04 04:02:44",0,"2021-10-04 04:02:44"
10290,6,"Goggles","Suffix","Skill (Spot)",0,"2021-10-04 04:02:44",0,"2021-10-04 04:02:44"
10300,6,"Goggles","Suffix","Insightful Skill (Concentration)",0,"2021-10-04 04:02:44",0,"2021-10-04 04:02:44"
10310,6,"Goggles","Suffix","Insightful Spell Focus (Abjuration)",0,"2021-10-04 04:02:44",0,"2021-10-04 04:02:44"
10320,6,"Goggles","Suffix","Insightful Spell Focus (Conjuration)",0,"2021-10-04 04:02:44",0,"2021-10-04 04:02:44"
10330,6,"Goggles","Suffix","Insightful Spell Focus (Divination)",0,"2021-10-04 04:02:44",0,"2021-10-04 04:02:44"
10340,6,"Goggles","Suffix","Insightful Spell Focus (Enchantment)",0,"2021-10-04 04:02:44",0,"2021-10-04 04:02:44"
10350,6,"Goggles","Suffix","Insightful Spell Focus (Evocation)",0,"2021-10-04 04:02:44",0,"2021-10-04 04:02:44"
10360,6,"Goggles","Suffix","Insightful Spell Focus (Illusion)",0,"2021-10-04 04:02:44",0,"2021-10-04 04:02:44"
10370,6,"Goggles","Suffix","Insightful Spell Focus (Necromancy)",0,"2021-10-04 04:02:44",0,"2021-10-04 04:02:44"
10380,6,"Goggles","Suffix","Insightful Spell Focus (Transmutation)",0,"2021-10-04 04:02:44",0,"2021-10-04 04:02:44"
10390,6,"Goggles","Suffix","True Sight",0,"2021-10-04 04:02:44",0,"2021-10-04 04:02:44"
10400,31,"Goggles","Extra","Insightful Ability (Intelligence)",0,"2021-10-04 04:02:44",0,"2021-10-04 04:02:44"
10410,31,"Goggles","Extra","Insightful Ability (Wisdom)",0,"2021-10-04 04:02:44",0,"2021-10-04 04:02:44"
10420,31,"Goggles","Extra","Insightful Assassinate",0,"2021-10-04 04:02:44",0,"2021-10-04 04:02:44"
10430,31,"Goggles","Extra","Insightful Seeker",0,"2021-10-04 04:02:44",0,"2021-10-04 04:02:44"
10440,31,"Goggles","Extra","Insightful Spell Penetration",0,"2021-10-04 04:02:44",0,"2021-10-04 04:02:44"
10450,31,"Goggles","Extra","Tendon Slice",0,"2021-10-04 04:02:45",0,"2021-10-04 04:02:45"
10460,31,"Goggles","Extra","Insightful Skill (Disable Device)",0,"2021-10-04 04:02:45",0,"2021-10-04 04:02:45"
10470,31,"Goggles","Extra","Insightful Skill (Search)",0,"2021-10-04 04:02:45",0,"2021-10-04 04:02:45"
10480,31,"Goggles","Extra","Insightful Skill (Spot)",0,"2021-10-04 04:02:45",0,"2021-10-04 04:02:45"
10490,64,"Helm","Augment 1","Yellow",0,"2021-10-04 04:02:45",0,"2021-10-04 04:02:45"
10500,65,"Helm","Augment 1","Blue",0,"2021-10-04 04:02:45",0,"2021-10-04 04:02:45"
10510,66,"Helm","Augment 1","Colorless",0,"2021-10-04 04:02:45",0,"2021-10-04 04:02:45"
10520,67,"Helm","Augment 2","Yellow",0,"2021-10-04 04:02:45",0,"2021-10-04 04:02:45"
10530,68,"Helm","Augment 2","Blue",0,"2021-10-04 04:02:45",0,"2021-10-04 04:02:45"
10540,69,"Helm","Augment 2","Colorless",0,"2021-10-04 04:02:45",0,"2021-10-04 04:02:45"
10550,70,"Helm","Prefix","Ability (Intelligence)",0,"2021-10-04 04:02:45",0,"2021-10-04 04:02:45"
10560,70,"Helm","Prefix","Ability (Wisdom)",0,"2021-10-04 04:02:45",0,"2021-10-04 04:02:45"
10570,70,"Helm","Prefix","Sheltering",0,"2021-10-04 04:02:45",0,"2021-10-04 04:02:45"
10580,70,"Helm","Prefix","Fortification",0,"2021-10-04 04:02:45",0,"2021-10-04 04:02:45"
10590,70,"Helm","Prefix","Persuasion",0,"2021-10-04 04:02:45",0,"2021-10-04 04:02:45"
10600,70,"Helm","Prefix","Skill (Concentration)",0,"2021-10-04 04:02:45",0,"2021-10-04 04:02:45"
10610,70,"Helm","Prefix","Skill (Haggle)",0,"2021-10-04 04:02:45",0,"2021-10-04 04:02:45"
10620,70,"Helm","Prefix","Skill (Intimidate)",0,"2021-10-04 04:02:45",0,"2021-10-04 04:02:45"
10630,70,"Helm","Prefix","Skill (Listen)",0,"2021-10-04 04:02:45",0,"2021-10-04 04:02:45"
10640,70,"Helm","Prefix","Underwater Action",0,"2021-10-04 04:02:45",0,"2021-10-04 04:02:45"
10650,70,"Helm","Prefix","Wizardry",0,"2021-10-04 04:02:45",0,"2021-10-04 04:02:45"
10660,70,"Helm","Prefix","Incite",0,"2021-10-04 04:02:45",0,"2021-10-04 04:02:45"
10670,70,"Helm","Prefix","Sacred",0,"2021-10-04 04:02:45",0,"2021-10-04 04:02:45"
10680,70,"Helm","Suffix","Stunning",0,"2021-10-04 04:02:45",0,"2021-10-04 04:02:45"
10690,70,"Helm","Suffix","Accuracy",0,"2021-10-04 04:02:45",0,"2021-10-04 04:02:45"
10700,70,"Helm","Suffix","Resistance",0,"2021-10-04 04:02:45",0,"2021-10-04 04:02:45"
10710,70,"Helm","Suffix","Skill (Diplomacy)",0,"2021-10-04 04:02:45",0,"2021-10-04 04:02:45"
10720,70,"Helm","Suffix","Skill (Search)",0,"2021-10-04 04:02:45",0,"2021-10-04 04:02:45"
10730,70,"Helm","Suffix","Spellsight",0,"2021-10-04 04:02:45",0,"2021-10-04 04:02:45"
10740,70,"Helm","Suffix","Skill (Spot)",0,"2021-10-04 04:02:45",0,"2021-10-04 04:02:45"
10750,70,"Helm","Suffix","Insightful Skill (Intimidate)",0,"2021-10-04 04:02:45",0,"2021-10-04 04:02:45"
10760,70,"Helm","Suffix","Spell Focus Mastery",0,"2021-10-04 04:02:45",0,"2021-10-04 04:02:45"
10770,70,"Helm","Suffix","Eternal Faith",0,"2021-10-04 04:02:45",0,"2021-10-04 04:02:45"
10780,95,"Helm","Extra","Insightful Ability (Intelligence)",0,"2021-10-04 04:02:45",0,"2021-10-04 04:02:45"
10790,95,"Helm","Extra","Insightful Ability (Wisdom)",0,"2021-10-04 04:02:45",0,"2021-10-04 04:02:45"
10800,95,"Helm","Extra","Insightful Magical Sheltering",0,"2021-10-04 04:02:45",0,"2021-10-04 04:02:45"
10810,95,"Helm","Extra","Insightful Physical Sheltering",0,"2021-10-04 04:02:45",0,"2021-10-04 04:02:45"
10820,95,"Helm","Extra","Resist (Acid)",0,"2021-10-04 04:02:45",0,"2021-10-04 04:02:45"
10830,95,"Helm","Extra","Resist (Cold)",0,"2021-10-04 04:02:45",0,"2021-10-04 04:02:45"
10840,95,"Helm","Extra","Resist (Electric)",0,"2021-10-04 04:02:45",0,"2021-10-04 04:02:45"
10850,95,"Helm","Extra","Resist (Fire)",0,"2021-10-04 04:02:45",0,"2021-10-04 04:02:45"
10860,95,"Helm","Extra","Resist (Light)",0,"2021-10-04 04:02:45",0,"2021-10-04 04:02:45"
10870,95,"Helm","Extra","Resist (Negative)",0,"2021-10-04 04:02:45",0,"2021-10-04 04:02:45"
10880,95,"Helm","Extra","Resist (Poison)",0,"2021-10-04 04:02:45",0,"2021-10-04 04:02:45"
10890,95,"Helm","Extra","Resist (Sonic)",0,"2021-10-04 04:02:45",0,"2021-10-04 04:02:45"
10900,95,"Helm","Extra","Insightful Fortification",0,"2021-10-04 04:02:45",0,"2021-10-04 04:02:45"
10910,95,"Helm","Extra","Insightful Skill (Concentration)",0,"2021-10-04 04:02:45",0,"2021-10-04 04:02:45"
10920,95,"Helm","Extra","Insightful Skill (Haggle)",0,"2021-10-04 04:02:45",0,"2021-10-04 04:02:45"
10930,95,"Helm","Extra","Insightful Skill (Listen)",0,"2021-10-04 04:02:45",0,"2021-10-04 04:02:45"
10940,95,"Helm","Extra","Insightful Skill (Search)",0,"2021-10-04 04:02:45",0,"2021-10-04 04:02:45"
10950,95,"Helm","Extra","Insightful Spellsight",0,"2021-10-04 04:02:45",0,"2021-10-04 04:02:45"
10960,95,"Helm","Extra","Insightful Skill (Spot)",0,"2021-10-04 04:02:45",0,"2021-10-04 04:02:45"
10970,95,"Helm","Extra","Insightful Incite",0,"2021-10-04 04:02:45",0,"2021-10-04 04:02:45"
10980,128,"Necklace","Augment 1","Yellow",0,"2021-10-04 04:02:45",0,"2021-10-04 04:02:45"
10990,129,"Necklace","Augment 1","Blue",0,"2021-10-04 04:02:45",0,"2021-10-04 04:02:45"
11000,130,"Necklace","Augment 1","Colorless",0,"2021-10-04 04:02:45",0,"2021-10-04 04:02:45"
11010,131,"Necklace","Augment 2","Yellow",0,"2021-10-04 04:02:45",0,"2021-10-04 04:02:45"
11020,132,"Necklace","Augment 2","Blue",0,"2021-10-04 04:02:45",0,"2021-10-04 04:02:45"
11030,133,"Necklace","Augment 2","Colorless",0,"2021-10-04 04:02:45",0,"2021-10-04 04:02:45"
11040,134,"Necklace","Prefix","Ability (Constitution)",0,"2021-10-04 04:02:45",0,"2021-10-04 04:02:45"
11050,134,"Necklace","Prefix","Disease Ward",0,"2021-10-04 04:02:45",0,"2021-10-04 04:02:45"
11060,134,"Necklace","Prefix","Poison Ward",0,"2021-10-04 04:02:45",0,"2021-10-04 04:02:45"
11070,134,"Necklace","Prefix","Enchantment Resistance",0,"2021-10-04 04:02:45",0,"2021-10-04 04:02:45"
11080,134,"Necklace","Prefix","Spell Saves",0,"2021-10-04 04:02:45",0,"2021-10-04 04:02:45"
11090,134,"Necklace","Prefix","Skill (Heal)",0,"2021-10-04 04:02:45",0,"2021-10-04 04:02:45"
11100,134,"Necklace","Prefix","Skill (Repair)",0,"2021-10-04 04:02:45",0,"2021-10-04 04:02:45"
11110,134,"Necklace","Prefix","Skill (Tumble)",0,"2021-10-04 04:02:45",0,"2021-10-04 04:02:45"
11120,134,"Necklace","Prefix","Spell Focus (Abjuration)",0,"2021-10-04 04:02:45",0,"2021-10-04 04:02:45"
11130,134,"Necklace","Prefix","Spell Focus (Conjuration)",0,"2021-10-04 04:02:45",0,"2021-10-04 04:02:45"
11140,134,"Necklace","Prefix","Spell Focus (Divination)",0,"2021-10-04 04:02:45",0,"2021-10-04 04:02:45"
11150,134,"Necklace","Prefix","Spell Focus (Enchantment)",0,"2021-10-04 04:02:45",0,"2021-10-04 04:02:45"
11160,134,"Necklace","Prefix","Spell Focus (Evocation)",0,"2021-10-04 04:02:45",0,"2021-10-04 04:02:45"
11170,134,"Necklace","Prefix","Spell Focus (Illusion)",0,"2021-10-04 04:02:45",0,"2021-10-04 04:02:45"
11180,134,"Necklace","Prefix","Spell Focus (Necromancy)",0,"2021-10-04 04:02:45",0,"2021-10-04 04:02:45"
11190,134,"Necklace","Prefix","Spell Focus (Transmutation)",0,"2021-10-04 04:02:45",0,"2021-10-04 04:02:45"
11200,134,"Necklace","Prefix","Illusion Resistance",0,"2021-10-04 04:02:45",0,"2021-10-04 04:02:45"
11210,134,"Necklace","Prefix","Insightful Spell Resistance",0,"2021-10-04 04:02:45",0,"2021-10-04 04:02:45"
11220,134,"Necklace","Prefix","Sacred",0,"2021-10-04 04:02:45",0,"2021-10-04 04:02:45"
11230,134,"Necklace","Suffix","Ability (Charisma)",0,"2021-10-04 04:02:45",0,"2021-10-04 04:02:45"
11240,134,"Necklace","Suffix","Sheltering",0,"2021-10-04 04:02:45",0,"2021-10-04 04:02:45"
11250,134,"Necklace","Suffix","Natural Armor",0,"2021-10-04 04:02:45",0,"2021-10-04 04:02:45"
11260,134,"Necklace","Suffix","False Life",0,"2021-10-04 04:02:45",0,"2021-10-04 04:02:45"
11270,134,"Necklace","Suffix","Skill (Search)",0,"2021-10-04 04:02:45",0,"2021-10-04 04:02:45"
11280,134,"Necklace","Suffix","Spellsight",0,"2021-10-04 04:02:45",0,"2021-10-04 04:02:45"
11290,134,"Necklace","Suffix","Skill (Spot)",0,"2021-10-04 04:02:45",0,"2021-10-04 04:02:45"
11300,134,"Necklace","Suffix","Insightful Skill (Bluff)",0,"2021-10-04 04:02:45",0,"2021-10-04 04:02:45"
11310,134,"Necklace","Suffix","Insightful Skill (Intimidate)",0,"2021-10-04 04:02:45",0,"2021-10-04 04:02:45"
11320,134,"Necklace","Suffix","Spell Power (Combustion)",0,"2021-10-04 04:02:45",0,"2021-10-04 04:02:45"
11330,134,"Necklace","Suffix","Spell Power (Corrosion)",0,"2021-10-04 04:02:45",0,"2021-10-04 04:02:45"
11340,134,"Necklace","Suffix","Spell Power (Devotion)",0,"2021-10-04 04:02:45",0,"2021-10-04 04:02:45"
11350,134,"Necklace","Suffix","Spell Power (Glaciation)",0,"2021-10-04 04:02:45",0,"2021-10-04 04:02:45"
11360,134,"Necklace","Suffix","Spell Power (Impulse)",0,"2021-10-04 04:02:45",0,"2021-10-04 04:02:45"
11370,134,"Necklace","Suffix","Spell Power (Magnetism)",0,"2021-10-04 04:02:45",0,"2021-10-04 04:02:45"
11380,134,"Necklace","Suffix","Spell Power (Nullification)",0,"2021-10-04 04:02:45",0,"2021-10-04 04:02:45"
11390,134,"Necklace","Suffix","Spell Power (Radiance)",0,"2021-10-04 04:02:45",0,"2021-10-04 04:02:45"
11400,134,"Necklace","Suffix","Spell Power (Reconstruction)",0,"2021-10-04 04:02:45",0,"2021-10-04 04:02:45"
11410,134,"Necklace","Suffix","Spell Power (Resonance)",0,"2021-10-04 04:02:45",0,"2021-10-04 04:02:45"
11420,134,"Necklace","Suffix","Insightful Wizardry",0,"2021-10-04 04:02:45",0,"2021-10-04 04:02:45"
11430,134,"Necklace","Suffix","Eternal Faith",0,"2021-10-04 04:02:45",0,"2021-10-04 04:02:45"
11440,159,"Necklace","Extra","Insightful Ability (Charisma)",0,"2021-10-04 04:02:45",0,"2021-10-04 04:02:45"
11450,159,"Necklace","Extra","Insightful Ability (Constitution)",0,"2021-10-04 04:02:45",0,"2021-10-04 04:02:45"
11460,159,"Necklace","Extra","Insightful Magical Sheltering",0,"2021-10-04 04:02:45",0,"2021-10-04 04:02:45"
11470,159,"Necklace","Extra","Insightful Physical Sheltering",0,"2021-10-04 04:02:45",0,"2021-10-04 04:02:45"
11480,159,"Necklace","Extra","Insightful Disease Ward",0,"2021-10-04 04:02:45",0,"2021-10-04 04:02:45"
11490,159,"Necklace","Extra","Insightful Poison Ward",0,"2021-10-04 04:02:45",0,"2021-10-04 04:02:45"
11500,159,"Necklace","Extra","Insightful Enchantment Resistance",0,"2021-10-04 04:02:45",0,"2021-10-04 04:02:45"
11510,159,"Necklace","Extra","Insightful Spell Saves",0,"2021-10-04 04:02:45",0,"2021-10-04 04:02:45"
11520,159,"Necklace","Extra","Insightful Skill (Heal)",0,"2021-10-04 04:02:45",0,"2021-10-04 04:02:45"
11530,159,"Necklace","Extra","Insightful Skill (Repair)",0,"2021-10-04 04:02:45",0,"2021-10-04 04:02:45"
11540,159,"Necklace","Extra","Insightful Skill (Search)",0,"2021-10-04 04:02:45",0,"2021-10-04 04:02:45"
11550,159,"Necklace","Extra","Insightful Skill (Spot)",0,"2021-10-04 04:02:45",0,"2021-10-04 04:02:45"
11560,159,"Necklace","Extra","Insightful Skill (Tumble)",0,"2021-10-04 04:02:45",0,"2021-10-04 04:02:45"
11570,159,"Necklace","Extra","Insightful Illusion Resistance",0,"2021-10-04 04:02:45",0,"2021-10-04 04:02:45"
11580,192,"Trinket","Prefix","Ability (Charisma)",0,"2021-10-04 04:02:45",0,"2021-10-04 04:02:45"
11590,192,"Trinket","Prefix","Ability (Constitution)",0,"2021-10-04 04:02:45",0,"2021-10-04 04:02:45"
11600,192,"Trinket","Prefix","Ability (Dexterity)",0,"2021-10-04 04:02:45",0,"2021-10-04 04:02:45"
11610,192,"Trinket","Prefix","Ability (Intelligence)",0,"2021-10-04 04:02:45",0,"2021-10-04 04:02:45"
11620,192,"Trinket","Prefix","Ability (Strength)",0,"2021-10-04 04:02:45",0,"2021-10-04 04:02:45"
11630,192,"Trinket","Prefix","Ability (Wisdom)",0,"2021-10-04 04:02:45",0,"2021-10-04 04:02:45"
11640,192,"Trinket","Prefix","Sheltering",0,"2021-10-04 04:02:45",0,"2021-10-04 04:02:45"
11650,192,"Trinket","Prefix","Absorption (Acid)",0,"2021-10-04 04:02:45",0,"2021-10-04 04:02:45"
11660,192,"Trinket","Prefix","Absorption (Cold)",0,"2021-10-04 04:02:45",0,"2021-10-04 04:02:45"
11670,192,"Trinket","Prefix","Absorption (Electricity)",0,"2021-10-04 04:02:45",0,"2021-10-04 04:02:45"
11680,192,"Trinket","Prefix","Absorption (Fire)",0,"2021-10-04 04:02:45",0,"2021-10-04 04:02:45"
11690,192,"Trinket","Prefix","Absorption (Sonic)",0,"2021-10-04 04:02:45",0,"2021-10-04 04:02:45"
11700,192,"Trinket","Prefix","Protection",0,"2021-10-04 04:02:45",0,"2021-10-04 04:02:45"
11710,192,"Trinket","Prefix","Dodge",0,"2021-10-04 04:02:45",0,"2021-10-04 04:02:45"
11720,192,"Trinket","Prefix","Assassinate",0,"2021-10-04 04:02:45",0,"2021-10-04 04:02:45"
11730,192,"Trinket","Prefix","Melee Alacrity",0,"2021-10-04 04:02:45",0,"2021-10-04 04:02:45"
11740,192,"Trinket","Prefix","Ranged Alacrity",0,"2021-10-04 04:02:45",0,"2021-10-04 04:02:45"
11750,192,"Trinket","Prefix","Combat Mastery",0,"2021-10-04 04:02:45",0,"2021-10-04 04:02:45"
11760,192,"Trinket","Prefix","Sunder",0,"2021-10-04 04:02:45",0,"2021-10-04 04:02:45"
11770,192,"Trinket","Prefix","Stunning",0,"2021-10-04 04:02:45",0,"2021-10-04 04:02:45"
11780,192,"Trinket","Prefix","Trip",0,"2021-10-04 04:02:45",0,"2021-10-04 04:02:45"
11790,192,"Trinket","Prefix","Seeker",0,"2021-10-04 04:02:45",0,"2021-10-04 04:02:45"
11800,192,"Trinket","Prefix","Resist (Acid)",0,"2021-10-04 04:02:45",0,"2021-10-04 04:02:45"
11810,192,"Trinket","Prefix","Resist (Cold)",0,"2021-10-04 04:02:45",0,"2021-10-04 04:02:45"
11820,192,"Trinket","Prefix","Resist (Electric)",0,"2021-10-04 04:02:45",0,"2021-10-04 04:02:45"
11830,192,"Trinket","Prefix","Resist (Fire)",0,"2021-10-04 04:02:45",0,"2021-10-04 04:02:45"
11840,192,"Trinket","Prefix","Resist (Light)",0,"2021-10-04 04:02:45",0,"2021-10-04 04:02:45"
11850,192,"Trinket","Prefix","Resist (Negative)",0,"2021-10-04 04:02:45",0,"2021-10-04 04:02:45"
11860,192,"Trinket","Prefix","Resist (Poison)",0,"2021-10-04 04:02:45",0,"2021-10-04 04:02:45"
11870,192,"Trinket","Prefix","Resist (Sonic)",0,"2021-10-04 04:02:45",0,"2021-10-04 04:02:45"
11880,192,"Trinket","Prefix","Spell Penetration",0,"2021-10-04 04:02:45",0,"2021-10-04 04:02:45"
11890,192,"Trinket","Prefix","Blindness Immunity",0,"2021-10-04 04:02:45",0,"2021-10-04 04:02:45"
11900,192,"Trinket","Prefix","Disease Ward",0,"2021-10-04 04:02:45",0,"2021-10-04 04:02:45"
11910,192,"Trinket","Prefix","Poison Ward",0,"2021-10-04 04:02:45",0,"2021-10-04 04:02:45"
11920,192,"Trinket","Prefix","Striding/Speed",0,"2021-10-04 04:02:45",0,"2021-10-04 04:02:45"
11930,192,"Trinket","Prefix","Fortification",0,"2021-10-04 04:02:45",0,"2021-10-04 04:02:45"
11940,192,"Trinket","Prefix","Doubleshot",0,"2021-10-04 04:02:45",0,"2021-10-04 04:02:45"
11950,192,"Trinket","Prefix","Doublestrike",0,"2021-10-04 04:02:45",0,"2021-10-04 04:02:45"
11960,192,"Trinket","Prefix","Enchantment Resistance",0,"2021-10-04 04:02:45",0,"2021-10-04 04:02:45"
11970,192,"Trinket","Prefix","Fortitude",0,"2021-10-04 04:02:45",0,"2021-10-04 04:02:45"
11980,192,"Trinket","Prefix","Reflex",0,"2021-10-04 04:02:45",0,"2021-10-04 04:02:45"
11990,192,"Trinket","Prefix","Spell Saves",0,"2021-10-04 04:02:45",0,"2021-10-04 04:02:45"
12000,192,"Trinket","Prefix","Will",0,"2021-10-04 04:02:45",0,"2021-10-04 04:02:45"
12010,192,"Trinket","Prefix","Resistance",0,"2021-10-04 04:02:45",0,"2021-10-04 04:02:45"
12020,192,"Trinket","Prefix","Persuasion",0,"2021-10-04 04:02:45",0,"2021-10-04 04:02:45"
12030,192,"Trinket","Prefix","Skill (Balance)",0,"2021-10-04 04:02:45",0,"2021-10-04 04:02:45"
12040,192,"Trinket","Prefix","Skill (Bluff)",0,"2021-10-04 04:02:45",0,"2021-10-04 04:02:45"
12050,192,"Trinket","Prefix","Skill (Concentration)",0,"2021-10-04 04:02:45",0,"2021-10-04 04:02:45"
12060,192,"Trinket","Prefix","Skill (Diplomacy)",0,"2021-10-04 04:02:45",0,"2021-10-04 04:02:45"
12070,192,"Trinket","Prefix","Skill (Disable Device)",0,"2021-10-04 04:02:45",0,"2021-10-04 04:02:45"
12080,192,"Trinket","Prefix","Skill (Haggle)",0,"2021-10-04 04:02:45",0,"2021-10-04 04:02:45"
12090,192,"Trinket","Prefix","Skill (Heal)",0,"2021-10-04 04:02:45",0,"2021-10-04 04:02:45"
12100,192,"Trinket","Prefix","Skill (Hide)",0,"2021-10-04 04:02:45",0,"2021-10-04 04:02:45"
12110,192,"Trinket","Prefix","Skill (Intimidate)",0,"2021-10-04 04:02:45",0,"2021-10-04 04:02:45"
12120,192,"Trinket","Prefix","Skill (Listen)",0,"2021-10-04 04:02:46",0,"2021-10-04 04:02:46"
12130,192,"Trinket","Prefix","Skill (Move Silently)",0,"2021-10-04 04:02:46",0,"2021-10-04 04:02:46"
12140,192,"Trinket","Prefix","Skill (Open Lock)",0,"2021-10-04 04:02:46",0,"2021-10-04 04:02:46"
12150,192,"Trinket","Prefix","Skill (Perform)",0,"2021-10-04 04:02:46",0,"2021-10-04 04:02:46"
12160,192,"Trinket","Prefix","Skill (Repair)",0,"2021-10-04 04:02:46",0,"2021-10-04 04:02:46"
12170,192,"Trinket","Prefix","Skill (Search)",0,"2021-10-04 04:02:46",0,"2021-10-04 04:02:46"
12180,192,"Trinket","Prefix","Spellsight",0,"2021-10-04 04:02:46",0,"2021-10-04 04:02:46"
12190,192,"Trinket","Prefix","Skill (Tumble)",0,"2021-10-04 04:02:46",0,"2021-10-04 04:02:46"
12200,192,"Trinket","Prefix","Spell Lore (Acid)",0,"2021-10-04 04:02:46",0,"2021-10-04 04:02:46"
12210,192,"Trinket","Prefix","Spell Lore (Fire)",0,"2021-10-04 04:02:46",0,"2021-10-04 04:02:46"
12220,192,"Trinket","Prefix","Spell Lore (Healing)",0,"2021-10-04 04:02:46",0,"2021-10-04 04:02:46"
12230,192,"Trinket","Prefix","Spell Lore (Ice)",0,"2021-10-04 04:02:46",0,"2021-10-04 04:02:46"
12240,192,"Trinket","Prefix","Spell Lore (Laceration)",0,"2021-10-04 04:02:46",0,"2021-10-04 04:02:46"
12250,192,"Trinket","Prefix","Spell Lore (Lightning)",0,"2021-10-04 04:02:46",0,"2021-10-04 04:02:46"
12260,192,"Trinket","Prefix","Spell Lore (Radiance)",0,"2021-10-04 04:02:46",0,"2021-10-04 04:02:46"
12270,192,"Trinket","Prefix","Spell Lore (Repair)",0,"2021-10-04 04:02:46",0,"2021-10-04 04:02:46"
12280,192,"Trinket","Prefix","Spell Lore (Sonic)",0,"2021-10-04 04:02:46",0,"2021-10-04 04:02:46"
12290,192,"Trinket","Prefix","Spell Lore (Void Lore)",0,"2021-10-04 04:02:46",0,"2021-10-04 04:02:46"
12300,192,"Trinket","Prefix","Spell Power (Combustion)",0,"2021-10-04 04:02:46",0,"2021-10-04 04:02:46"
12310,192,"Trinket","Prefix","Spell Power (Corrosion)",0,"2021-10-04 04:02:46",0,"2021-10-04 04:02:46"
12320,192,"Trinket","Prefix","Spell Power (Devotion)",0,"2021-10-04 04:02:46",0,"2021-10-04 04:02:46"
12330,192,"Trinket","Prefix","Spell Power (Glaciation)",0,"2021-10-04 04:02:46",0,"2021-10-04 04:02:46"
12340,192,"Trinket","Prefix","Spell Power (Impulse)",0,"2021-10-04 04:02:46",0,"2021-10-04 04:02:46"
12350,192,"Trinket","Prefix","Spell Power (Magnetism)",0,"2021-10-04 04:02:46",0,"2021-10-04 04:02:46"
12360,192,"Trinket","Prefix","Spell Power (Nullification)",0,"2021-10-04 04:02:46",0,"2021-10-04 04:02:46"
12370,192,"Trinket","Prefix","Spell Power (Radiance)",0,"2021-10-04 04:02:46",0,"2021-10-04 04:02:46"
12380,192,"Trinket","Prefix","Spell Power (Reconstruction)",0,"2021-10-04 04:02:46",0,"2021-10-04 04:02:46"
12390,192,"Trinket","Prefix","Spell Power (Resonance)",0,"2021-10-04 04:02:46",0,"2021-10-04 04:02:46"
12400,192,"Trinket","Prefix","Spell Focus (Abjuration)",0,"2021-10-04 04:02:46",0,"2021-10-04 04:02:46"
12410,192,"Trinket","Prefix","Spell Focus (Conjuration)",0,"2021-10-04 04:02:46",0,"2021-10-04 04:02:46"
12420,192,"Trinket","Prefix","Spell Focus (Divination)",0,"2021-10-04 04:02:46",0,"2021-10-04 04:02:46"
12430,192,"Trinket","Prefix","Spell Focus (Enchantment)",0,"2021-10-04 04:02:46",0,"2021-10-04 04:02:46"
12440,192,"Trinket","Prefix","Spell Focus (Evocation)",0,"2021-10-04 04:02:46",0,"2021-10-04 04:02:46"
12450,192,"Trinket","Prefix","Spell Focus (Illusion)",0,"2021-10-04 04:02:46",0,"2021-10-04 04:02:46"
12460,192,"Trinket","Prefix","Spell Focus (Necromancy)",0,"2021-10-04 04:02:46",0,"2021-10-04 04:02:46"
12470,192,"Trinket","Prefix","Spell Focus (Transmutation)",0,"2021-10-04 04:02:46",0,"2021-10-04 04:02:46"
12480,192,"Trinket","Prefix","Feather Fall",0,"2021-10-04 04:02:46",0,"2021-10-04 04:02:46"
12490,192,"Trinket","Prefix","Underwater Action",0,"2021-10-04 04:02:46",0,"2021-10-04 04:02:46"
12500,192,"Trinket","Prefix","Lesser Arcane Spell Dexterity",0,"2021-10-04 04:02:46",0,"2021-10-04 04:02:46"
12510,192,"Trinket","Prefix","Wizardry",0,"2021-10-04 04:02:46",0,"2021-10-04 04:02:46"
12520,192,"Trinket","Prefix","Illusion Resistance",0,"2021-10-04 04:02:46",0,"2021-10-04 04:02:46"
12530,192,"Trinket","Prefix","Spell Resistance",0,"2021-10-04 04:02:46",0,"2021-10-04 04:02:46"
12540,192,"Trinket","Prefix","Diversion",0,"2021-10-04 04:02:46",0,"2021-10-04 04:02:46"
12550,192,"Trinket","Prefix","Incite",0,"2021-10-04 04:02:46",0,"2021-10-04 04:02:46"
12560,192,"Trinket","Prefix","Silver Flame",0,"2021-10-04 04:02:46",0,"2021-10-04 04:02:46"
12570,192,"Trinket","Prefix","Sacred",0,"2021-10-04 04:02:46",0,"2021-10-04 04:02:46"
12580,192,"Trinket","Suffix","Ability (Charisma)",0,"2021-10-04 04:02:46",0,"2021-10-04 04:02:46"
12590,192,"Trinket","Suffix","Ability (Constitution)",0,"2021-10-04 04:02:46",0,"2021-10-04 04:02:46"
12600,192,"Trinket","Suffix","Ability (Dexterity)",0,"2021-10-04 04:02:46",0,"2021-10-04 04:02:46"
12610,192,"Trinket","Suffix","Ability (Intelligence)",0,"2021-10-04 04:02:46",0,"2021-10-04 04:02:46"
12620,192,"Trinket","Suffix","Ability (Strength)",0,"2021-10-04 04:02:46",0,"2021-10-04 04:02:46"
12630,192,"Trinket","Suffix","Ability (Wisdom)",0,"2021-10-04 04:02:46",0,"2021-10-04 04:02:46"
12640,192,"Trinket","Suffix","Sheltering",0,"2021-10-04 04:02:46",0,"2021-10-04 04:02:46"
12650,192,"Trinket","Suffix","Absorption (Acid)",0,"2021-10-04 04:02:46",0,"2021-10-04 04:02:46"
12660,192,"Trinket","Suffix","Absorption (Cold)",0,"2021-10-04 04:02:46",0,"2021-10-04 04:02:46"
12670,192,"Trinket","Suffix","Absorption (Electricity)",0,"2021-10-04 04:02:46",0,"2021-10-04 04:02:46"
12680,192,"Trinket","Suffix","Absorption (Fire)",0,"2021-10-04 04:02:46",0,"2021-10-04 04:02:46"
12690,192,"Trinket","Suffix","Absorption (Sonic)",0,"2021-10-04 04:02:46",0,"2021-10-04 04:02:46"
12700,192,"Trinket","Suffix","Protection",0,"2021-10-04 04:02:46",0,"2021-10-04 04:02:46"
12710,192,"Trinket","Suffix","Dodge",0,"2021-10-04 04:02:46",0,"2021-10-04 04:02:46"
12720,192,"Trinket","Suffix","Parrying",0,"2021-10-04 04:02:46",0,"2021-10-04 04:02:46"
12730,192,"Trinket","Suffix","Natural Armor",0,"2021-10-04 04:02:46",0,"2021-10-04 04:02:46"
12740,192,"Trinket","Suffix","Assassinate",0,"2021-10-04 04:02:46",0,"2021-10-04 04:02:46"
12750,192,"Trinket","Suffix","Melee Alacrity",0,"2021-10-04 04:02:46",0,"2021-10-04 04:02:46"
12760,192,"Trinket","Suffix","Ranged Alacrity",0,"2021-10-04 04:02:46",0,"2021-10-04 04:02:46"
12770,192,"Trinket","Suffix","Combat Mastery",0,"2021-10-04 04:02:46",0,"2021-10-04 04:02:46"
12780,192,"Trinket","Suffix","Sunder",0,"2021-10-04 04:02:46",0,"2021-10-04 04:02:46"
12790,192,"Trinket","Suffix","Stunning",0,"2021-10-04 04:02:46",0,"2021-10-04 04:02:46"
12800,192,"Trinket","Suffix","Tendon Slice",0,"2021-10-04 04:02:46",0,"2021-10-04 04:02:46"
12810,192,"Trinket","Suffix","Trip",0,"2021-10-04 04:02:46",0,"2021-10-04 04:02:46"
12820,192,"Trinket","Suffix","Deadly",0,"2021-10-04 04:02:46",0,"2021-10-04 04:02:46"
12830,192,"Trinket","Suffix","Resist (Acid)",0,"2021-10-04 04:02:46",0,"2021-10-04 04:02:46"
12840,192,"Trinket","Suffix","Resist (Cold)",0,"2021-10-04 04:02:46",0,"2021-10-04 04:02:46"
12850,192,"Trinket","Suffix","Resist (Electric)",0,"2021-10-04 04:02:46",0,"2021-10-04 04:02:46"
12860,192,"Trinket","Suffix","Resist (Fire)",0,"2021-10-04 04:02:46",0,"2021-10-04 04:02:46"
12870,192,"Trinket","Suffix","Resist (Light)",0,"2021-10-04 04:02:46",0,"2021-10-04 04:02:46"
12880,192,"Trinket","Suffix","Resist (Negative)",0,"2021-10-04 04:02:46",0,"2021-10-04 04:02:46"
12890,192,"Trinket","Suffix","Resist (Poison)",0,"2021-10-04 04:02:46",0,"2021-10-04 04:02:46"
12900,192,"Trinket","Suffix","Resist (Sonic)",0,"2021-10-04 04:02:46",0,"2021-10-04 04:02:46"
12910,192,"Trinket","Suffix","Armor-Piercing",0,"2021-10-04 04:02:46",0,"2021-10-04 04:02:46"
12920,192,"Trinket","Suffix","Spell Penetration",0,"2021-10-04 04:02:46",0,"2021-10-04 04:02:46"
12930,192,"Trinket","Suffix","Guard (Acid)",0,"2021-10-04 04:02:46",0,"2021-10-04 04:02:46"
12940,192,"Trinket","Suffix","Guard (Fire)",0,"2021-10-04 04:02:46",0,"2021-10-04 04:02:46"
12950,192,"Trinket","Suffix","Guard (Ice)",0,"2021-10-04 04:02:46",0,"2021-10-04 04:02:46"
12960,192,"Trinket","Suffix","Guard (Lightning)",0,"2021-10-04 04:02:46",0,"2021-10-04 04:02:46"
12970,192,"Trinket","Suffix","Guard (Sonic)",0,"2021-10-04 04:02:46",0,"2021-10-04 04:02:46"
12980,192,"Trinket","Suffix","Accuracy",0,"2021-10-04 04:02:46",0,"2021-10-04 04:02:46"
12990,192,"Trinket","Suffix","False Life",0,"2021-10-04 04:02:46",0,"2021-10-04 04:02:46"
13000,192,"Trinket","Suffix","Fortification",0,"2021-10-04 04:02:46",0,"2021-10-04 04:02:46"
13010,192,"Trinket","Suffix","Shield Bashing",0,"2021-10-04 04:02:46",0,"2021-10-04 04:02:46"
13020,192,"Trinket","Suffix","Regeneration",0,"2021-10-04 04:02:46",0,"2021-10-04 04:02:46"
13030,192,"Trinket","Suffix","Resistance",0,"2021-10-04 04:02:46",0,"2021-10-04 04:02:46"
13040,192,"Trinket","Suffix","Skill (Balance)",0,"2021-10-04 04:02:46",0,"2021-10-04 04:02:46"
13050,192,"Trinket","Suffix","Skill (Bluff)",0,"2021-10-04 04:02:46",0,"2021-10-04 04:02:46"
13060,192,"Trinket","Suffix","Skill (Diplomacy)",0,"2021-10-04 04:02:46",0,"2021-10-04 04:02:46"
13070,192,"Trinket","Suffix","Skill (Heal)",0,"2021-10-04 04:02:46",0,"2021-10-04 04:02:46"
13080,192,"Trinket","Suffix","Skill (Intimidate)",0,"2021-10-04 04:02:46",0,"2021-10-04 04:02:46"
13090,192,"Trinket","Suffix","Skill (Jump)",0,"2021-10-04 04:02:46",0,"2021-10-04 04:02:46"
13100,192,"Trinket","Suffix","Skill (Move Silently)",0,"2021-10-04 04:02:46",0,"2021-10-04 04:02:46"
13110,192,"Trinket","Suffix","Skill (Open Lock)",0,"2021-10-04 04:02:46",0,"2021-10-04 04:02:46"
13120,192,"Trinket","Suffix","Skill (Repair)",0,"2021-10-04 04:02:46",0,"2021-10-04 04:02:46"
13130,192,"Trinket","Suffix","Skill (Search)",0,"2021-10-04 04:02:46",0,"2021-10-04 04:02:46"
13140,192,"Trinket","Suffix","Spellsight",0,"2021-10-04 04:02:46",0,"2021-10-04 04:02:46"
13150,192,"Trinket","Suffix","Skill (Spot)",0,"2021-10-04 04:02:46",0,"2021-10-04 04:02:46"
13160,192,"Trinket","Suffix","Skill (Swim)",0,"2021-10-04 04:02:46",0,"2021-10-04 04:02:46"
13170,192,"Trinket","Suffix","Skill (Tumble)",0,"2021-10-04 04:02:46",0,"2021-10-04 04:02:46"
13180,192,"Trinket","Suffix","Spell Lore (Universal)",0,"2021-10-04 04:02:46",0,"2021-10-04 04:02:46"
13190,192,"Trinket","Suffix","Spell Power (Combustion)",0,"2021-10-04 04:02:46",0,"2021-10-04 04:02:46"
13200,192,"Trinket","Suffix","Spell Power (Corrosion)",0,"2021-10-04 04:02:46",0,"2021-10-04 04:02:46"
13210,192,"Trinket","Suffix","Spell Power (Devotion)",0,"2021-10-04 04:02:46",0,"2021-10-04 04:02:46"
13220,192,"Trinket","Suffix","Spell Power (Glaciation)",0,"2021-10-04 04:02:46",0,"2021-10-04 04:02:46"
13230,192,"Trinket","Suffix","Spell Power (Impulse)",0,"2021-10-04 04:02:46",0,"2021-10-04 04:02:46"
13240,192,"Trinket","Suffix","Spell Power (Magnetism)",0,"2021-10-04 04:02:46",0,"2021-10-04 04:02:46"
13250,192,"Trinket","Suffix","Spell Power (Nullification)",0,"2021-10-04 04:02:46",0,"2021-10-04 04:02:46"
13260,192,"Trinket","Suffix","Spell Power (Radiance)",0,"2021-10-04 04:02:46",0,"2021-10-04 04:02:46"
13270,192,"Trinket","Suffix","Spell Power (Reconstruction)",0,"2021-10-04 04:02:46",0,"2021-10-04 04:02:46"
13280,192,"Trinket","Suffix","Spell Power (Resonance)",0,"2021-10-04 04:02:46",0,"2021-10-04 04:02:46"
13290,192,"Trinket","Suffix","Spell Focus Mastery",0,"2021-10-04 04:02:46",0,"2021-10-04 04:02:46"
13300,192,"Trinket","Suffix","True Sight",0,"2021-10-04 04:02:46",0,"2021-10-04 04:02:46"
13310,192,"Trinket","Suffix","Wizardry",0,"2021-10-04 04:02:46",0,"2021-10-04 04:02:46"
13320,192,"Trinket","Suffix","Healing Amplification",0,"2021-10-04 04:02:46",0,"2021-10-04 04:02:46"
13330,192,"Trinket","Suffix","Negative Amplification",0,"2021-10-04 04:02:46",0,"2021-10-04 04:02:46"
13340,192,"Trinket","Suffix","Repair Amplification",0,"2021-10-04 04:02:46",0,"2021-10-04 04:02:46"
13350,192,"Trinket","Suffix","Potency",0,"2021-10-04 04:02:46",0,"2021-10-04 04:02:46"
13360,192,"Trinket","Suffix","Diversion",0,"2021-10-04 04:02:46",0,"2021-10-04 04:02:46"
13370,192,"Trinket","Suffix","Eternal Faith",0,"2021-10-04 04:02:46",0,"2021-10-04 04:02:46"
13380,223,"Trinket","Extra","Insightful Ability (Charisma)",0,"2021-10-04 04:02:46",0,"2021-10-04 04:02:46"
13390,223,"Trinket","Extra","Insightful Ability (Constitution)",0,"2021-10-04 04:02:46",0,"2021-10-04 04:02:46"
13400,223,"Trinket","Extra","Insightful Ability (Dexterity)",0,"2021-10-04 04:02:46",0,"2021-10-04 04:02:46"
13410,223,"Trinket","Extra","Insightful Ability (Intelligence)",0,"2021-10-04 04:02:46",0,"2021-10-04 04:02:46"
13420,223,"Trinket","Extra","Insightful Ability (Strength)",0,"2021-10-04 04:02:46",0,"2021-10-04 04:02:46"
13430,223,"Trinket","Extra","Insightful Ability (Wisdom)",0,"2021-10-04 04:02:46",0,"2021-10-04 04:02:46"
13440,223,"Trinket","Extra","Insightful Magical Sheltering",0,"2021-10-04 04:02:46",0,"2021-10-04 04:02:46"
13450,223,"Trinket","Extra","Insightful Physical Sheltering",0,"2021-10-04 04:02:46",0,"2021-10-04 04:02:46"
13460,223,"Trinket","Extra","Insightful Dodge",0,"2021-10-04 04:02:46",0,"2021-10-04 04:02:46"
13470,223,"Trinket","Extra","Insightful Assassinate",0,"2021-10-04 04:02:46",0,"2021-10-04 04:02:46"
13480,223,"Trinket","Extra","Insightful Combat Mastery",0,"2021-10-04 04:02:46",0,"2021-10-04 04:02:46"
13490,223,"Trinket","Extra","Insightful Sunder",0,"2021-10-04 04:02:46",0,"2021-10-04 04:02:46"
13500,223,"Trinket","Extra","Insightful Stunning",0,"2021-10-04 04:02:46",0,"2021-10-04 04:02:46"
13510,223,"Trinket","Extra","Insightful Tendon Slice",0,"2021-10-04 04:02:46",0,"2021-10-04 04:02:46"
13520,223,"Trinket","Extra","Insightful Trip",0,"2021-10-04 04:02:46",0,"2021-10-04 04:02:46"
13530,223,"Trinket","Extra","Insightful Seeker",0,"2021-10-04 04:02:46",0,"2021-10-04 04:02:46"
13540,223,"Trinket","Extra","Insightful Deadly",0,"2021-10-04 04:02:46",0,"2021-10-04 04:02:46"
13550,223,"Trinket","Extra","Insightful Resist (Acid)",0,"2021-10-04 04:02:46",0,"2021-10-04 04:02:46"
13560,223,"Trinket","Extra","Insightful Resist (Cold)",0,"2021-10-04 04:02:46",0,"2021-10-04 04:02:46"
13570,223,"Trinket","Extra","Insightful Resist (Electric)",0,"2021-10-04 04:02:46",0,"2021-10-04 04:02:46"
13580,223,"Trinket","Extra","Insightful Resist (Fire)",0,"2021-10-04 04:02:46",0,"2021-10-04 04:02:46"
13590,223,"Trinket","Extra","Insightful Resist (Light)",0,"2021-10-04 04:02:46",0,"2021-10-04 04:02:46"
13600,223,"Trinket","Extra","Insightful Resist (Negative)",0,"2021-10-04 04:02:46",0,"2021-10-04 04:02:46"
13610,223,"Trinket","Extra","Insightful Resist (Poison)",0,"2021-10-04 04:02:46",0,"2021-10-04 04:02:46"
13620,223,"Trinket","Extra","Insightful Resist (Sonic)",0,"2021-10-04 04:02:46",0,"2021-10-04 04:02:46"
13630,223,"Trinket","Extra","Insightful Spell Penetration",0,"2021-10-04 04:02:46",0,"2021-10-04 04:02:46"
13640,223,"Trinket","Extra","Efficient Metamagic (Empower Healing)",0,"2021-10-04 04:02:47",0,"2021-10-04 04:02:47"
13650,223,"Trinket","Extra","Efficient Metamagic (Empower)",0,"2021-10-04 04:02:47",0,"2021-10-04 04:02:47"
13660,223,"Trinket","Extra","Efficient Metamagic (Enlarge)",0,"2021-10-04 04:02:47",0,"2021-10-04 04:02:47"
13670,223,"Trinket","Extra","Efficient Metamagic (Extend)",0,"2021-10-04 04:02:47",0,"2021-10-04 04:02:47"
13680,223,"Trinket","Extra","Efficient Metamagic (Maximize)",0,"2021-10-04 04:02:47",0,"2021-10-04 04:02:47"
13690,223,"Trinket","Extra","Insightful Accuracy",0,"2021-10-04 04:02:47",0,"2021-10-04 04:02:47"
13700,223,"Trinket","Extra","Insightful Disease Ward",0,"2021-10-04 04:02:47",0,"2021-10-04 04:02:47"
13710,223,"Trinket","Extra","Insightful Poison Ward",0,"2021-10-04 04:02:47",0,"2021-10-04 04:02:47"
13720,223,"Trinket","Extra","Insightful Fortification",0,"2021-10-04 04:02:47",0,"2021-10-04 04:02:47"
13730,223,"Trinket","Extra","Insightful Enchantment Resistance",0,"2021-10-04 04:02:47",0,"2021-10-04 04:02:47"
13740,223,"Trinket","Extra","Insightful Spell Saves",0,"2021-10-04 04:02:47",0,"2021-10-04 04:02:47"
13750,223,"Trinket","Extra","Skill (Perform)",0,"2021-10-04 04:02:47",0,"2021-10-04 04:02:47"
13760,223,"Trinket","Extra","Insightful Skill (Balance)",0,"2021-10-04 04:02:47",0,"2021-10-04 04:02:47"
13770,223,"Trinket","Extra","Insightful Skill (Bluff)",0,"2021-10-04 04:02:47",0,"2021-10-04 04:02:47"
13780,223,"Trinket","Extra","Insightful Skill (Concentration)",0,"2021-10-04 04:02:47",0,"2021-10-04 04:02:47"
13790,223,"Trinket","Extra","Insightful Skill (Diplomacy)",0,"2021-10-04 04:02:47",0,"2021-10-04 04:02:47"
13800,223,"Trinket","Extra","Insightful Skill (Disable Device)",0,"2021-10-04 04:02:47",0,"2021-10-04 04:02:47"
13810,223,"Trinket","Extra","Insightful Skill (Haggle)",0,"2021-10-04 04:02:47",0,"2021-10-04 04:02:47"
13820,223,"Trinket","Extra","Insightful Skill (Heal)",0,"2021-10-04 04:02:47",0,"2021-10-04 04:02:47"
13830,223,"Trinket","Extra","Insightful Skill (Hide)",0,"2021-10-04 04:02:47",0,"2021-10-04 04:02:47"
13840,223,"Trinket","Extra","Insightful Skill (Intimidate)",0,"2021-10-04 04:02:47",0,"2021-10-04 04:02:47"
13850,223,"Trinket","Extra","Insightful Skill (Jump)",0,"2021-10-04 04:02:47",0,"2021-10-04 04:02:47"
13860,223,"Trinket","Extra","Insightful Skill (Listen)",0,"2021-10-04 04:02:47",0,"2021-10-04 04:02:47"
13870,223,"Trinket","Extra","Insightful Skill (Move Silently)",0,"2021-10-04 04:02:47",0,"2021-10-04 04:02:47"
13880,223,"Trinket","Extra","Insightful Skill (Open Lock)",0,"2021-10-04 04:02:47",0,"2021-10-04 04:02:47"
13890,223,"Trinket","Extra","Insightful Skill (Perform)",0,"2021-10-04 04:02:47",0,"2021-10-04 04:02:47"
13900,223,"Trinket","Extra","Insightful Skill (Repair)",0,"2021-10-04 04:02:47",0,"2021-10-04 04:02:47"
13910,223,"Trinket","Extra","Insightful Skill (Search)",0,"2021-10-04 04:02:47",0,"2021-10-04 04:02:47"
13920,223,"Trinket","Extra","Insightful Spellsight",0,"2021-10-04 04:02:47",0,"2021-10-04 04:02:47"
13930,223,"Trinket","Extra","Insightful Skill (Spot)",0,"2021-10-04 04:02:47",0,"2021-10-04 04:02:47"
13940,223,"Trinket","Extra","Insightful Skill (Swim)",0,"2021-10-04 04:02:47",0,"2021-10-04 04:02:47"
13950,223,"Trinket","Extra","Insightful Skill (Tumble)",0,"2021-10-04 04:02:47",0,"2021-10-04 04:02:47"
13960,223,"Trinket","Extra","Insightful Spell Power (Combustion)",0,"2021-10-04 04:02:47",0,"2021-10-04 04:02:47"
13970,223,"Trinket","Extra","Insightful Spell Power (Corrosion)",0,"2021-10-04 04:02:47",0,"2021-10-04 04:02:47"
13980,223,"Trinket","Extra","Insightful Spell Power (Devotion)",0,"2021-10-04 04:02:47",0,"2021-10-04 04:02:47"
13990,223,"Trinket","Extra","Insightful Spell Power (Glaciation)",0,"2021-10-04 04:02:47",0,"2021-10-04 04:02:47"
14000,223,"Trinket","Extra","Insightful Spell Power (Impulse)",0,"2021-10-04 04:02:47",0,"2021-10-04 04:02:47"
14010,223,"Trinket","Extra","Insightful Spell Power (Magnetism)",0,"2021-10-04 04:02:47",0,"2021-10-04 04:02:47"
14020,223,"Trinket","Extra","Insightful Spell Power (Nullification)",0,"2021-10-04 04:02:47",0,"2021-10-04 04:02:47"
14030,223,"Trinket","Extra","Insightful Spell Power (Radiance)",0,"2021-10-04 04:02:47",0,"2021-10-04 04:02:47"
14040,223,"Trinket","Extra","Insightful Spell Power (Reconstruction)",0,"2021-10-04 04:02:47",0,"2021-10-04 04:02:47"
14050,223,"Trinket","Extra","Insightful Spell Power (Resonance)",0,"2021-10-04 04:02:47",0,"2021-10-04 04:02:47"
14060,223,"Trinket","Extra","Insightful Illusion Resistance",0,"2021-10-04 04:02:47",0,"2021-10-04 04:02:47"
14070,223,"Trinket","Extra","Insightful Spell Resistance",0,"2021-10-04 04:02:47",0,"2021-10-04 04:02:47"
14080,223,"Trinket","Extra","Insightful Diversion",0,"2021-10-04 04:02:47",0,"2021-10-04 04:02:47"
14090,223,"Trinket","Extra","Insightful Incite",0,"2021-10-04 04:02:47",0,"2021-10-04 04:02:47"
14100,256,"Cloak","Augment 1","Yellow",0,"2021-10-04 04:02:47",0,"2021-10-04 04:02:47"
14110,257,"Cloak","Augment 1","Blue",0,"2021-10-04 04:02:47",0,"2021-10-04 04:02:47"
14120,258,"Cloak","Augment 1","Colorless",0,"2021-10-04 04:02:47",0,"2021-10-04 04:02:47"
14130,259,"Cloak","Augment 2","Yellow",0,"2021-10-04 04:02:47",0,"2021-10-04 04:02:47"
14140,260,"Cloak","Augment 2","Blue",0,"2021-10-04 04:02:47",0,"2021-10-04 04:02:47"
14150,261,"Cloak","Augment 2","Colorless",0,"2021-10-04 04:02:47",0,"2021-10-04 04:02:47"
14160,262,"Cloak","Prefix","Ability (Charisma)",0,"2021-10-04 04:02:47",0,"2021-10-04 04:02:47"
14170,262,"Cloak","Prefix","Ability (Intelligence)",0,"2021-10-04 04:02:47",0,"2021-10-04 04:02:47"
14180,262,"Cloak","Prefix","Ability (Wisdom)",0,"2021-10-04 04:02:47",0,"2021-10-04 04:02:47"
14190,262,"Cloak","Prefix","Resist (Acid)",0,"2021-10-04 04:02:47",0,"2021-10-04 04:02:47"
14200,262,"Cloak","Prefix","Resist (Cold)",0,"2021-10-04 04:02:47",0,"2021-10-04 04:02:47"
14210,262,"Cloak","Prefix","Resist (Electric)",0,"2021-10-04 04:02:47",0,"2021-10-04 04:02:47"
14220,262,"Cloak","Prefix","Resist (Fire)",0,"2021-10-04 04:02:47",0,"2021-10-04 04:02:47"
14230,262,"Cloak","Prefix","Resist (Light)",0,"2021-10-04 04:02:47",0,"2021-10-04 04:02:47"
14240,262,"Cloak","Prefix","Resist (Negative)",0,"2021-10-04 04:02:47",0,"2021-10-04 04:02:47"
14250,262,"Cloak","Prefix","Resist (Poison)",0,"2021-10-04 04:02:47",0,"2021-10-04 04:02:47"
14260,262,"Cloak","Prefix","Resist (Sonic)",0,"2021-10-04 04:02:47",0,"2021-10-04 04:02:47"
14270,262,"Cloak","Prefix","Disease Ward",0,"2021-10-04 04:02:47",0,"2021-10-04 04:02:47"
14280,262,"Cloak","Prefix","Poison Ward",0,"2021-10-04 04:02:47",0,"2021-10-04 04:02:47"
14290,262,"Cloak","Prefix","Enchantment Resistance",0,"2021-10-04 04:02:47",0,"2021-10-04 04:02:47"
14300,262,"Cloak","Prefix","Fortitude",0,"2021-10-04 04:02:47",0,"2021-10-04 04:02:47"
14310,262,"Cloak","Prefix","Reflex",0,"2021-10-04 04:02:47",0,"2021-10-04 04:02:47"
14320,262,"Cloak","Prefix","Feather Fall",0,"2021-10-04 04:02:47",0,"2021-10-04 04:02:47"
14330,262,"Cloak","Prefix","Illusion Resistance",0,"2021-10-04 04:02:47",0,"2021-10-04 04:02:47"
14340,262,"Cloak","Prefix","Diversion",0,"2021-10-04 04:02:47",0,"2021-10-04 04:02:47"
14350,262,"Cloak","Prefix","Spell Saves",0,"2021-10-04 04:02:47",0,"2021-10-04 04:02:47"
14360,262,"Cloak","Prefix","Will",0,"2021-10-04 04:02:47",0,"2021-10-04 04:02:47"
14370,262,"Cloak","Prefix","Skill (Balance)",0,"2021-10-04 04:02:47",0,"2021-10-04 04:02:47"
14380,262,"Cloak","Prefix","Skill (Hide)",0,"2021-10-04 04:02:47",0,"2021-10-04 04:02:47"
14390,262,"Cloak","Prefix","Spell Resistance",0,"2021-10-04 04:02:47",0,"2021-10-04 04:02:47"
14400,262,"Cloak","Suffix","Absorption (Acid)",0,"2021-10-04 04:02:47",0,"2021-10-04 04:02:47"
14410,262,"Cloak","Suffix","Absorption (Cold)",0,"2021-10-04 04:02:47",0,"2021-10-04 04:02:47"
14420,262,"Cloak","Suffix","Absorption (Electricity)",0,"2021-10-04 04:02:47",0,"2021-10-04 04:02:47"
14430,262,"Cloak","Suffix","Absorption (Fire)",0,"2021-10-04 04:02:47",0,"2021-10-04 04:02:47"
14440,262,"Cloak","Suffix","Absorption (Sonic)",0,"2021-10-04 04:02:47",0,"2021-10-04 04:02:47"
14450,262,"Cloak","Suffix","Dodge",0,"2021-10-04 04:02:47",0,"2021-10-04 04:02:47"
14460,262,"Cloak","Suffix","Natural Armor",0,"2021-10-04 04:02:47",0,"2021-10-04 04:02:47"
14470,262,"Cloak","Suffix","Insightful Resist (Acid)",0,"2021-10-04 04:02:47",0,"2021-10-04 04:02:47"
14480,262,"Cloak","Suffix","Insightful Resist (Cold)",0,"2021-10-04 04:02:47",0,"2021-10-04 04:02:47"
14490,262,"Cloak","Suffix","Insightful Resist (Electric)",0,"2021-10-04 04:02:47",0,"2021-10-04 04:02:47"
14500,262,"Cloak","Suffix","Insightful Resist (Fire)",0,"2021-10-04 04:02:47",0,"2021-10-04 04:02:47"
14510,262,"Cloak","Suffix","Insightful Resist (Light)",0,"2021-10-04 04:02:47",0,"2021-10-04 04:02:47"
14520,262,"Cloak","Suffix","Insightful Resist (Negative)",0,"2021-10-04 04:02:47",0,"2021-10-04 04:02:47"
14530,262,"Cloak","Suffix","Insightful Resist (Poison)",0,"2021-10-04 04:02:47",0,"2021-10-04 04:02:47"
14540,262,"Cloak","Suffix","Insightful Resist (Sonic)",0,"2021-10-04 04:02:47",0,"2021-10-04 04:02:47"
14550,262,"Cloak","Suffix","Skill (Diplomacy)",0,"2021-10-04 04:02:47",0,"2021-10-04 04:02:47"
14560,262,"Cloak","Suffix","Skill (Intimidate)",0,"2021-10-04 04:02:47",0,"2021-10-04 04:02:47"
14570,262,"Cloak","Suffix","Spellsight",0,"2021-10-04 04:02:47",0,"2021-10-04 04:02:47"
14580,287,"Cloak","Extra","Insightful Ability (Charisma)",0,"2021-10-04 04:02:47",0,"2021-10-04 04:02:47"
14590,287,"Cloak","Extra","Insightful Ability (Intelligence)",0,"2021-10-04 04:02:47",0,"2021-10-04 04:02:47"
14600,287,"Cloak","Extra","Insightful Ability (Wisdom)",0,"2021-10-04 04:02:47",0,"2021-10-04 04:02:47"
14610,287,"Cloak","Extra","Insightful Magical Sheltering",0,"2021-10-04 04:02:47",0,"2021-10-04 04:02:47"
14620,287,"Cloak","Extra","Insightful Physical Sheltering",0,"2021-10-04 04:02:47",0,"2021-10-04 04:02:47"
14630,287,"Cloak","Extra","Skill (Balance)",0,"2021-10-04 04:02:47",0,"2021-10-04 04:02:47"
14640,287,"Cloak","Extra","Skill (Hide)",0,"2021-10-04 04:02:47",0,"2021-10-04 04:02:47"
14650,287,"Cloak","Extra","Insightful Spell Resistance",0,"2021-10-04 04:02:47",0,"2021-10-04 04:02:47"
14660,287,"Cloak","Extra","Insightful Diversion",0,"2021-10-04 04:02:47",0,"2021-10-04 04:02:47"
14670,320,"Belt","Augment 1","Yellow",0,"2021-10-04 04:02:47",0,"2021-10-04 04:02:47"
14680,321,"Belt","Augment 1","Blue",0,"2021-10-04 04:02:47",0,"2021-10-04 04:02:47"
14690,322,"Belt","Augment 1","Colorless",0,"2021-10-04 04:02:47",0,"2021-10-04 04:02:47"
14700,323,"Belt","Augment 2","Yellow",0,"2021-10-04 04:02:47",0,"2021-10-04 04:02:47"
14710,324,"Belt","Augment 2","Blue",0,"2021-10-04 04:02:47",0,"2021-10-04 04:02:47"
14720,325,"Belt","Augment 2","Colorless",0,"2021-10-04 04:02:47",0,"2021-10-04 04:02:47"
14730,326,"Belt","Prefix","Ability (Constitution)",0,"2021-10-04 04:02:47",0,"2021-10-04 04:02:47"
14740,326,"Belt","Prefix","Dodge",0,"2021-10-04 04:02:47",0,"2021-10-04 04:02:47"
14750,326,"Belt","Prefix","Doubleshot",0,"2021-10-04 04:02:47",0,"2021-10-04 04:02:47"
14760,326,"Belt","Prefix","Doublestrike",0,"2021-10-04 04:02:47",0,"2021-10-04 04:02:47"
14770,326,"Belt","Prefix","Insightful Diversion",0,"2021-10-04 04:02:47",0,"2021-10-04 04:02:47"
14780,326,"Belt","Prefix","Skill (Diplomacy)",0,"2021-10-04 04:02:47",0,"2021-10-04 04:02:47"
14790,326,"Belt","Prefix","Skill (Move Silently)",0,"2021-10-04 04:02:47",0,"2021-10-04 04:02:47"
14800,326,"Belt","Prefix","Spell Resistance",0,"2021-10-04 04:02:47",0,"2021-10-04 04:02:47"
14810,326,"Belt","Suffix","Ability (Strength)",0,"2021-10-04 04:02:47",0,"2021-10-04 04:02:47"
14820,326,"Belt","Suffix","Deathblock",0,"2021-10-04 04:02:47",0,"2021-10-04 04:02:47"
14830,326,"Belt","Suffix","False Life",0,"2021-10-04 04:02:47",0,"2021-10-04 04:02:47"
14840,326,"Belt","Suffix","Insightful Spell Resistance",0,"2021-10-04 04:02:47",0,"2021-10-04 04:02:47"
14850,326,"Belt","Suffix","Natural Armor",0,"2021-10-04 04:02:47",0,"2021-10-04 04:02:47"
14860,326,"Belt","Suffix","Sunder",0,"2021-10-04 04:02:47",0,"2021-10-04 04:02:47"
14870,326,"Belt","Suffix","Skill (Balance)",0,"2021-10-04 04:02:47",0,"2021-10-04 04:02:47"
14880,326,"Belt","Suffix","Skill (Jump)",0,"2021-10-04 04:02:47",0,"2021-10-04 04:02:47"
14890,326,"Belt","Suffix","Skill (Swim)",0,"2021-10-04 04:02:47",0,"2021-10-04 04:02:47"
14900,326,"Belt","Suffix","Skill (Tumble)",0,"2021-10-04 04:02:47",0,"2021-10-04 04:02:47"
14910,326,"Belt","Suffix","Stunning",0,"2021-10-04 04:02:47",0,"2021-10-04 04:02:47"
14920,326,"Belt","Suffix","Trip",0,"2021-10-04 04:02:47",0,"2021-10-04 04:02:47"
14930,351,"Belt","Extra","Assassinate",0,"2021-10-04 04:02:47",0,"2021-10-04 04:02:47"
14940,351,"Belt","Extra","Insightful Ability (Constitution)",0,"2021-10-04 04:02:47",0,"2021-10-04 04:02:47"
14950,351,"Belt","Extra","Insightful Ability (Strength)",0,"2021-10-04 04:02:47",0,"2021-10-04 04:02:47"
14960,351,"Belt","Extra","Insightful Combat Mastery",0,"2021-10-04 04:02:47",0,"2021-10-04 04:02:47"
14970,351,"Belt","Extra","Insightful Dodge",0,"2021-10-04 04:02:47",0,"2021-10-04 04:02:47"
14980,351,"Belt","Extra","Insightful Skill (Balance)",0,"2021-10-04 04:02:47",0,"2021-10-04 04:02:47"
14990,351,"Belt","Extra","Insightful Skill (Move Silently)",0,"2021-10-04 04:02:47",0,"2021-10-04 04:02:47"
15000,351,"Belt","Extra","Insightful Skill (Swim)",0,"2021-10-04 04:02:47",0,"2021-10-04 04:02:47"
15010,351,"Belt","Extra","Insightful Skill (Tumble)",0,"2021-10-04 04:02:47",0,"2021-10-04 04:02:47"
15020,384,"Ring1","Augment 1","Yellow",0,"2021-10-04 04:02:47",0,"2021-10-04 04:02:47"
15030,385,"Ring1","Augment 1","Blue",0,"2021-10-04 04:02:47",0,"2021-10-04 04:02:47"
15040,386,"Ring1","Augment 1","Colorless",0,"2021-10-04 04:02:47",0,"2021-10-04 04:02:47"
15050,387,"Ring1","Augment 2","Yellow",0,"2021-10-04 04:02:47",0,"2021-10-04 04:02:47"
15060,388,"Ring1","Augment 2","Blue",0,"2021-10-04 04:02:47",0,"2021-10-04 04:02:47"
15070,389,"Ring1","Augment 2","Colorless",0,"2021-10-04 04:02:47",0,"2021-10-04 04:02:47"
15080,390,"Ring1","Prefix","Ability (Charisma)",0,"2021-10-04 04:02:47",0,"2021-10-04 04:02:47"
15090,390,"Ring1","Prefix","Ability (Constitution)",0,"2021-10-04 04:02:47",0,"2021-10-04 04:02:47"
15100,390,"Ring1","Prefix","Absorption (Acid)",0,"2021-10-04 04:02:47",0,"2021-10-04 04:02:47"
15110,390,"Ring1","Prefix","Absorption (Cold)",0,"2021-10-04 04:02:47",0,"2021-10-04 04:02:47"
15120,390,"Ring1","Prefix","Absorption (Electricity)",0,"2021-10-04 04:02:47",0,"2021-10-04 04:02:47"
15130,390,"Ring1","Prefix","Absorption (Fire)",0,"2021-10-04 04:02:47",0,"2021-10-04 04:02:47"
15140,390,"Ring1","Prefix","Absorption (Sonic)",0,"2021-10-04 04:02:47",0,"2021-10-04 04:02:47"
15150,390,"Ring1","Prefix","Blindness Immunity",0,"2021-10-04 04:02:47",0,"2021-10-04 04:02:47"
15160,390,"Ring1","Prefix","Striding/Speed",0,"2021-10-04 04:02:47",0,"2021-10-04 04:02:47"
15170,390,"Ring1","Prefix","Persuasion",0,"2021-10-04 04:02:47",0,"2021-10-04 04:02:47"
15180,390,"Ring1","Prefix","Skill (Balance)",0,"2021-10-04 04:02:47",0,"2021-10-04 04:02:47"
15190,390,"Ring1","Prefix","Skill (Diplomacy)",0,"2021-10-04 04:02:47",0,"2021-10-04 04:02:47"
15200,390,"Ring1","Prefix","Skill (Hide)",0,"2021-10-04 04:02:47",0,"2021-10-04 04:02:47"
15210,390,"Ring1","Prefix","Skill (Perform)",0,"2021-10-04 04:02:47",0,"2021-10-04 04:02:47"
15220,390,"Ring1","Prefix","Feather Fall",0,"2021-10-04 04:02:47",0,"2021-10-04 04:02:47"
15230,390,"Ring1","Prefix","Underwater Action",0,"2021-10-04 04:02:47",0,"2021-10-04 04:02:47"
15240,390,"Ring1","Prefix","Wizardry",0,"2021-10-04 04:02:47",0,"2021-10-04 04:02:47"
15250,390,"Ring1","Prefix","Spell Resistance",0,"2021-10-04 04:02:47",0,"2021-10-04 04:02:47"
15260,390,"Ring1","Prefix","Sacred",0,"2021-10-04 04:02:47",0,"2021-10-04 04:02:47"
15270,390,"Ring1","Suffix","Ability (Dexterity)",0,"2021-10-04 04:02:47",0,"2021-10-04 04:02:47"
15280,390,"Ring1","Suffix","Sheltering",0,"2021-10-04 04:02:47",0,"2021-10-04 04:02:47"
15290,390,"Ring1","Suffix","Protection",0,"2021-10-04 04:02:47",0,"2021-10-04 04:02:47"
15300,390,"Ring1","Suffix","Assassinate",0,"2021-10-04 04:02:47",0,"2021-10-04 04:02:47"
15310,390,"Ring1","Suffix","Resist (Acid)",0,"2021-10-04 04:02:47",0,"2021-10-04 04:02:47"
15320,390,"Ring1","Suffix","Resist (Cold)",0,"2021-10-04 04:02:47",0,"2021-10-04 04:02:47"
15330,390,"Ring1","Suffix","Resist (Electric)",0,"2021-10-04 04:02:47",0,"2021-10-04 04:02:47"
15340,390,"Ring1","Suffix","Resist (Fire)",0,"2021-10-04 04:02:47",0,"2021-10-04 04:02:47"
15350,390,"Ring1","Suffix","Resist (Light)",0,"2021-10-04 04:02:47",0,"2021-10-04 04:02:47"
15360,390,"Ring1","Suffix","Resist (Negative)",0,"2021-10-04 04:02:47",0,"2021-10-04 04:02:47"
15370,390,"Ring1","Suffix","Resist (Poison)",0,"2021-10-04 04:02:47",0,"2021-10-04 04:02:47"
15380,390,"Ring1","Suffix","Resist (Sonic)",0,"2021-10-04 04:02:47",0,"2021-10-04 04:02:47"
15390,390,"Ring1","Suffix","False Life",0,"2021-10-04 04:02:47",0,"2021-10-04 04:02:47"
15400,390,"Ring1","Suffix","Regeneration",0,"2021-10-04 04:02:47",0,"2021-10-04 04:02:47"
15410,390,"Ring1","Suffix","Skill (Bluff)",0,"2021-10-04 04:02:48",0,"2021-10-04 04:02:48"
15420,390,"Ring1","Suffix","Skill (Open Lock)",0,"2021-10-04 04:02:48",0,"2021-10-04 04:02:48"
15430,390,"Ring1","Suffix","Skill (Swim)",0,"2021-10-04 04:02:48",0,"2021-10-04 04:02:48"
15440,390,"Ring1","Suffix","Skill (Tumble)",0,"2021-10-04 04:02:48",0,"2021-10-04 04:02:48"
15450,390,"Ring1","Suffix","Insightful Skill (Balance)",0,"2021-10-04 04:02:48",0,"2021-10-04 04:02:48"
15460,390,"Ring1","Suffix","Spell Power (Combustion)",0,"2021-10-04 04:02:48",0,"2021-10-04 04:02:48"
15470,390,"Ring1","Suffix","Spell Power (Corrosion)",0,"2021-10-04 04:02:48",0,"2021-10-04 04:02:48"
15480,390,"Ring1","Suffix","Spell Power (Devotion)",0,"2021-10-04 04:02:48",0,"2021-10-04 04:02:48"
15490,390,"Ring1","Suffix","Spell Power (Glaciation)",0,"2021-10-04 04:02:48",0,"2021-10-04 04:02:48"
15500,390,"Ring1","Suffix","Spell Power (Impulse)",0,"2021-10-04 04:02:48",0,"2021-10-04 04:02:48"
15510,390,"Ring1","Suffix","Spell Power (Magnetism)",0,"2021-10-04 04:02:48",0,"2021-10-04 04:02:48"
15520,390,"Ring1","Suffix","Spell Power (Nullification)",0,"2021-10-04 04:02:48",0,"2021-10-04 04:02:48"
15530,390,"Ring1","Suffix","Spell Power (Radiance)",0,"2021-10-04 04:02:48",0,"2021-10-04 04:02:48"
15540,390,"Ring1","Suffix","Spell Power (Reconstruction)",0,"2021-10-04 04:02:48",0,"2021-10-04 04:02:48"
15550,390,"Ring1","Suffix","Spell Power (Resonance)",0,"2021-10-04 04:02:48",0,"2021-10-04 04:02:48"
15560,390,"Ring1","Suffix","Eternal Faith",0,"2021-10-04 04:02:48",0,"2021-10-04 04:02:48"
15570,415,"Ring1","Extra","Insightful Ability (Charisma)",0,"2021-10-04 04:02:48",0,"2021-10-04 04:02:48"
15580,415,"Ring1","Extra","Insightful Ability (Constitution)",0,"2021-10-04 04:02:48",0,"2021-10-04 04:02:48"
15590,415,"Ring1","Extra","Insightful Ability (Dexterity)",0,"2021-10-04 04:02:48",0,"2021-10-04 04:02:48"
15600,415,"Ring1","Extra","Insightful Magical Sheltering",0,"2021-10-04 04:02:48",0,"2021-10-04 04:02:48"
15610,415,"Ring1","Extra","Insightful Physical Sheltering",0,"2021-10-04 04:02:48",0,"2021-10-04 04:02:48"
15620,415,"Ring1","Extra","Insightful Disease Ward",0,"2021-10-04 04:02:48",0,"2021-10-04 04:02:48"
15630,415,"Ring1","Extra","Insightful Poison Ward",0,"2021-10-04 04:02:48",0,"2021-10-04 04:02:48"
15640,415,"Ring1","Extra","Insightful Enchantment Resistance",0,"2021-10-04 04:02:48",0,"2021-10-04 04:02:48"
15650,415,"Ring1","Extra","Insightful Spell Saves",0,"2021-10-04 04:02:48",0,"2021-10-04 04:02:48"
15660,415,"Ring1","Extra","Insightful Skill (Diplomacy)",0,"2021-10-04 04:02:48",0,"2021-10-04 04:02:48"
15670,415,"Ring1","Extra","Insightful Skill (Heal)",0,"2021-10-04 04:02:48",0,"2021-10-04 04:02:48"
15680,415,"Ring1","Extra","Insightful Skill (Repair)",0,"2021-10-04 04:02:48",0,"2021-10-04 04:02:48"
15690,415,"Ring1","Extra","Insightful Skill (Tumble)",0,"2021-10-04 04:02:48",0,"2021-10-04 04:02:48"
15700,415,"Ring1","Extra","Insightful Illusion Resistance",0,"2021-10-04 04:02:48",0,"2021-10-04 04:02:48"
15710,448,"Ring2","Augment 1","Yellow",0,"2021-10-04 04:02:48",0,"2021-10-04 04:02:48"
15720,449,"Ring2","Augment 1","Blue",0,"2021-10-04 04:02:48",0,"2021-10-04 04:02:48"
15730,450,"Ring2","Augment 1","Colorless",0,"2021-10-04 04:02:48",0,"2021-10-04 04:02:48"
15740,451,"Ring2","Augment 2","Yellow",0,"2021-10-04 04:02:48",0,"2021-10-04 04:02:48"
15750,452,"Ring2","Augment 2","Blue",0,"2021-10-04 04:02:48",0,"2021-10-04 04:02:48"
15760,453,"Ring2","Augment 2","Colorless",0,"2021-10-04 04:02:48",0,"2021-10-04 04:02:48"
15770,454,"Ring2","Prefix","Ability (Charisma)",0,"2021-10-04 04:02:48",0,"2021-10-04 04:02:48"
15780,454,"Ring2","Prefix","Ability (Constitution)",0,"2021-10-04 04:02:48",0,"2021-10-04 04:02:48"
15790,454,"Ring2","Prefix","Absorption (Acid)",0,"2021-10-04 04:02:48",0,"2021-10-04 04:02:48"
15800,454,"Ring2","Prefix","Absorption (Cold)",0,"2021-10-04 04:02:48",0,"2021-10-04 04:02:48"
15810,454,"Ring2","Prefix","Absorption (Electricity)",0,"2021-10-04 04:02:48",0,"2021-10-04 04:02:48"
15820,454,"Ring2","Prefix","Absorption (Fire)",0,"2021-10-04 04:02:48",0,"2021-10-04 04:02:48"
15830,454,"Ring2","Prefix","Absorption (Sonic)",0,"2021-10-04 04:02:48",0,"2021-10-04 04:02:48"
15840,454,"Ring2","Prefix","Blindness Immunity",0,"2021-10-04 04:02:48",0,"2021-10-04 04:02:48"
15850,454,"Ring2","Prefix","Striding/Speed",0,"2021-10-04 04:02:48",0,"2021-10-04 04:02:48"
15860,454,"Ring2","Prefix","Persuasion",0,"2021-10-04 04:02:48",0,"2021-10-04 04:02:48"
15870,454,"Ring2","Prefix","Skill (Balance)",0,"2021-10-04 04:02:48",0,"2021-10-04 04:02:48"
15880,454,"Ring2","Prefix","Skill (Diplomacy)",0,"2021-10-04 04:02:48",0,"2021-10-04 04:02:48"
15890,454,"Ring2","Prefix","Skill (Hide)",0,"2021-10-04 04:02:48",0,"2021-10-04 04:02:48"
15900,454,"Ring2","Prefix","Skill (Perform)",0,"2021-10-04 04:02:48",0,"2021-10-04 04:02:48"
15910,454,"Ring2","Prefix","Feather Fall",0,"2021-10-04 04:02:48",0,"2021-10-04 04:02:48"
15920,454,"Ring2","Prefix","Underwater Action",0,"2021-10-04 04:02:48",0,"2021-10-04 04:02:48"
15930,454,"Ring2","Prefix","Wizardry",0,"2021-10-04 04:02:48",0,"2021-10-04 04:02:48"
15940,454,"Ring2","Prefix","Spell Resistance",0,"2021-10-04 04:02:48",0,"2021-10-04 04:02:48"
15950,454,"Ring2","Prefix","Sacred",0,"2021-10-04 04:02:48",0,"2021-10-04 04:02:48"
15960,454,"Ring2","Suffix","Ability (Dexterity)",0,"2021-10-04 04:02:48",0,"2021-10-04 04:02:48"
15970,454,"Ring2","Suffix","Sheltering",0,"2021-10-04 04:02:48",0,"2021-10-04 04:02:48"
15980,454,"Ring2","Suffix","Protection",0,"2021-10-04 04:02:48",0,"2021-10-04 04:02:48"
15990,454,"Ring2","Suffix","Assassinate",0,"2021-10-04 04:02:48",0,"2021-10-04 04:02:48"
16000,454,"Ring2","Suffix","Resist (Acid)",0,"2021-10-04 04:02:48",0,"2021-10-04 04:02:48"
16010,454,"Ring2","Suffix","Resist (Cold)",0,"2021-10-04 04:02:48",0,"2021-10-04 04:02:48"
16020,454,"Ring2","Suffix","Resist (Electric)",0,"2021-10-04 04:02:48",0,"2021-10-04 04:02:48"
16030,454,"Ring2","Suffix","Resist (Fire)",0,"2021-10-04 04:02:48",0,"2021-10-04 04:02:48"
16040,454,"Ring2","Suffix","Resist (Light)",0,"2021-10-04 04:02:48",0,"2021-10-04 04:02:48"
16050,454,"Ring2","Suffix","Resist (Negative)",0,"2021-10-04 04:02:48",0,"2021-10-04 04:02:48"
16060,454,"Ring2","Suffix","Resist (Poison)",0,"2021-10-04 04:02:48",0,"2021-10-04 04:02:48"
16070,454,"Ring2","Suffix","Resist (Sonic)",0,"2021-10-04 04:02:48",0,"2021-10-04 04:02:48"
16080,454,"Ring2","Suffix","False Life",0,"2021-10-04 04:02:48",0,"2021-10-04 04:02:48"
16090,454,"Ring2","Suffix","Regeneration",0,"2021-10-04 04:02:48",0,"2021-10-04 04:02:48"
16100,454,"Ring2","Suffix","Skill (Bluff)",0,"2021-10-04 04:02:48",0,"2021-10-04 04:02:48"
16110,454,"Ring2","Suffix","Skill (Open Lock)",0,"2021-10-04 04:02:48",0,"2021-10-04 04:02:48"
16120,454,"Ring2","Suffix","Skill (Swim)",0,"2021-10-04 04:02:48",0,"2021-10-04 04:02:48"
16130,454,"Ring2","Suffix","Skill (Tumble)",0,"2021-10-04 04:02:48",0,"2021-10-04 04:02:48"
16140,454,"Ring2","Suffix","Insightful Skill (Balance)",0,"2021-10-04 04:02:48",0,"2021-10-04 04:02:48"
16150,454,"Ring2","Suffix","Spell Power (Combustion)",0,"2021-10-04 04:02:48",0,"2021-10-04 04:02:48"
16160,454,"Ring2","Suffix","Spell Power (Corrosion)",0,"2021-10-04 04:02:48",0,"2021-10-04 04:02:48"
16170,454,"Ring2","Suffix","Spell Power (Devotion)",0,"2021-10-04 04:02:48",0,"2021-10-04 04:02:48"
16180,454,"Ring2","Suffix","Spell Power (Glaciation)",0,"2021-10-04 04:02:48",0,"2021-10-04 04:02:48"
16190,454,"Ring2","Suffix","Spell Power (Impulse)",0,"2021-10-04 04:02:48",0,"2021-10-04 04:02:48"
16200,454,"Ring2","Suffix","Spell Power (Magnetism)",0,"2021-10-04 04:02:48",0,"2021-10-04 04:02:48"
16210,454,"Ring2","Suffix","Spell Power (Nullification)",0,"2021-10-04 04:02:48",0,"2021-10-04 04:02:48"
16220,454,"Ring2","Suffix","Spell Power (Radiance)",0,"2021-10-04 04:02:48",0,"2021-10-04 04:02:48"
16230,454,"Ring2","Suffix","Spell Power (Reconstruction)",0,"2021-10-04 04:02:48",0,"2021-10-04 04:02:48"
16240,454,"Ring2","Suffix","Spell Power (Resonance)",0,"2021-10-04 04:02:48",0,"2021-10-04 04:02:48"
16250,454,"Ring2","Suffix","Eternal Faith",0,"2021-10-04 04:02:48",0,"2021-10-04 04:02:48"
16260,479,"Ring2","Extra","Insightful Ability (Charisma)",0,"2021-10-04 04:02:48",0,"2021-10-04 04:02:48"
16270,479,"Ring2","Extra","Insightful Ability (Constitution)",0,"2021-10-04 04:02:48",0,"2021-10-04 04:02:48"
16280,479,"Ring2","Extra","Insightful Ability (Dexterity)",0,"2021-10-04 04:02:48",0,"2021-10-04 04:02:48"
16290,479,"Ring2","Extra","Insightful Magical Sheltering",0,"2021-10-04 04:02:48",0,"2021-10-04 04:02:48"
16300,479,"Ring2","Extra","Insightful Physical Sheltering",0,"2021-10-04 04:02:48",0,"2021-10-04 04:02:48"
16310,479,"Ring2","Extra","Insightful Disease Ward",0,"2021-10-04 04:02:48",0,"2021-10-04 04:02:48"
16320,479,"Ring2","Extra","Insightful Poison Ward",0,"2021-10-04 04:02:48",0,"2021-10-04 04:02:48"
16330,479,"Ring2","Extra","Insightful Enchantment Resistance",0,"2021-10-04 04:02:48",0,"2021-10-04 04:02:48"
16340,479,"Ring2","Extra","Insightful Spell Saves",0,"2021-10-04 04:02:48",0,"2021-10-04 04:02:48"
16350,479,"Ring2","Extra","Insightful Skill (Diplomacy)",0,"2021-10-04 04:02:48",0,"2021-10-04 04:02:48"
16360,479,"Ring2","Extra","Insightful Skill (Heal)",0,"2021-10-04 04:02:48",0,"2021-10-04 04:02:48"
16370,479,"Ring2","Extra","Insightful Skill (Repair)",0,"2021-10-04 04:02:48",0,"2021-10-04 04:02:48"
16380,479,"Ring2","Extra","Insightful Skill (Tumble)",0,"2021-10-04 04:02:48",0,"2021-10-04 04:02:48"
16390,479,"Ring2","Extra","Insightful Illusion Resistance",0,"2021-10-04 04:02:48",0,"2021-10-04 04:02:48"
16400,512,"Gloves","Augment 1","Yellow",0,"2021-10-04 04:02:48",0,"2021-10-04 04:02:48"
16410,513,"Gloves","Augment 1","Blue",0,"2021-10-04 04:02:48",0,"2021-10-04 04:02:48"
16420,514,"Gloves","Augment 1","Colorless",0,"2021-10-04 04:02:48",0,"2021-10-04 04:02:48"
16430,515,"Gloves","Augment 2","Yellow",0,"2021-10-04 04:02:48",0,"2021-10-04 04:02:48"
16440,516,"Gloves","Augment 2","Blue",0,"2021-10-04 04:02:48",0,"2021-10-04 04:02:48"
16450,517,"Gloves","Augment 2","Colorless",0,"2021-10-04 04:02:48",0,"2021-10-04 04:02:48"
16460,518,"Gloves","Prefix","Ability (Dexterity)",0,"2021-10-04 04:02:48",0,"2021-10-04 04:02:48"
16470,518,"Gloves","Prefix","Ability (Strength)",0,"2021-10-04 04:02:48",0,"2021-10-04 04:02:48"
16480,518,"Gloves","Prefix","Assassinate",0,"2021-10-04 04:02:48",0,"2021-10-04 04:02:48"
16490,518,"Gloves","Prefix","Melee Alacrity",0,"2021-10-04 04:02:48",0,"2021-10-04 04:02:48"
16500,518,"Gloves","Prefix","Ranged Alacrity",0,"2021-10-04 04:02:48",0,"2021-10-04 04:02:48"
16510,518,"Gloves","Prefix","Sunder",0,"2021-10-04 04:02:48",0,"2021-10-04 04:02:48"
16520,518,"Gloves","Prefix","Spell Penetration",0,"2021-10-04 04:02:48",0,"2021-10-04 04:02:48"
16530,518,"Gloves","Prefix","Doubleshot",0,"2021-10-04 04:02:48",0,"2021-10-04 04:02:48"
16540,518,"Gloves","Prefix","Doublestrike",0,"2021-10-04 04:02:48",0,"2021-10-04 04:02:48"
16550,518,"Gloves","Prefix","Skill (Bluff)",0,"2021-10-04 04:02:48",0,"2021-10-04 04:02:48"
16560,518,"Gloves","Prefix","Skill (Disable Device)",0,"2021-10-04 04:02:48",0,"2021-10-04 04:02:48"
16570,518,"Gloves","Prefix","Skill (Open Lock)",0,"2021-10-04 04:02:48",0,"2021-10-04 04:02:48"
16580,518,"Gloves","Prefix","Skill (Perform)",0,"2021-10-04 04:02:48",0,"2021-10-04 04:02:48"
16590,518,"Gloves","Prefix","Spell Power (Combustion)",0,"2021-10-04 04:02:48",0,"2021-10-04 04:02:48"
16600,518,"Gloves","Prefix","Spell Power (Corrosion)",0,"2021-10-04 04:02:48",0,"2021-10-04 04:02:48"
16610,518,"Gloves","Prefix","Spell Power (Devotion)",0,"2021-10-04 04:02:48",0,"2021-10-04 04:02:48"
16620,518,"Gloves","Prefix","Spell Power (Glaciation)",0,"2021-10-04 04:02:48",0,"2021-10-04 04:02:48"
16630,518,"Gloves","Prefix","Spell Power (Impulse)",0,"2021-10-04 04:02:48",0,"2021-10-04 04:02:48"
16640,518,"Gloves","Prefix","Spell Power (Magnetism)",0,"2021-10-04 04:02:48",0,"2021-10-04 04:02:48"
16650,518,"Gloves","Prefix","Spell Power (Nullification)",0,"2021-10-04 04:02:48",0,"2021-10-04 04:02:48"
16660,518,"Gloves","Prefix","Spell Power (Radiance)",0,"2021-10-04 04:02:48",0,"2021-10-04 04:02:48"
16670,518,"Gloves","Prefix","Spell Power (Reconstruction)",0,"2021-10-04 04:02:48",0,"2021-10-04 04:02:48"
16680,518,"Gloves","Prefix","Spell Power (Resonance)",0,"2021-10-04 04:02:48",0,"2021-10-04 04:02:48"
16690,518,"Gloves","Prefix","Lesser Arcane Spell Dexterity",0,"2021-10-04 04:02:48",0,"2021-10-04 04:02:48"
16700,518,"Gloves","Prefix","Silver Flame",0,"2021-10-04 04:02:48",0,"2021-10-04 04:02:48"
16710,518,"Gloves","Prefix","Stunning",0,"2021-10-04 04:02:48",0,"2021-10-04 04:02:48"
16720,518,"Gloves","Prefix","Trip",0,"2021-10-04 04:02:48",0,"2021-10-04 04:02:48"
16730,518,"Gloves","Prefix","Wizardry",0,"2021-10-04 04:02:48",0,"2021-10-04 04:02:48"
16740,518,"Gloves","Suffix","Insightful Assassinate",0,"2021-10-04 04:02:48",0,"2021-10-04 04:02:48"
16750,518,"Gloves","Suffix","Insightful Combat Mastery",0,"2021-10-04 04:02:48",0,"2021-10-04 04:02:48"
16760,518,"Gloves","Suffix","Deadly",0,"2021-10-04 04:02:48",0,"2021-10-04 04:02:48"
16770,518,"Gloves","Suffix","Armor-Piercing",0,"2021-10-04 04:02:48",0,"2021-10-04 04:02:48"
16780,518,"Gloves","Suffix","Shield Bashing",0,"2021-10-04 04:02:48",0,"2021-10-04 04:02:48"
16790,518,"Gloves","Suffix","Resistance",0,"2021-10-04 04:02:48",0,"2021-10-04 04:02:48"
16800,518,"Gloves","Suffix","Insightful Skill (Disable Device)",0,"2021-10-04 04:02:48",0,"2021-10-04 04:02:48"
16810,518,"Gloves","Suffix","Healing Amplification",0,"2021-10-04 04:02:48",0,"2021-10-04 04:02:48"
16820,518,"Gloves","Suffix","Repair Amplification",0,"2021-10-04 04:02:48",0,"2021-10-04 04:02:48"
16830,518,"Gloves","Suffix","Potency",0,"2021-10-04 04:02:48",0,"2021-10-04 04:02:48"
16840,518,"Gloves","Suffix","Tendon Slice",0,"2021-10-04 04:02:48",0,"2021-10-04 04:02:48"
16850,518,"Gloves","Suffix","Skill (Heal)",0,"2021-10-04 04:02:48",0,"2021-10-04 04:02:48"
16860,518,"Gloves","Suffix","Skill (Intimidate)",0,"2021-10-04 04:02:48",0,"2021-10-04 04:02:48"
16870,518,"Gloves","Suffix","Skill (Repair)",0,"2021-10-04 04:02:48",0,"2021-10-04 04:02:48"
16880,518,"Gloves","Suffix","Spell Lore (Universal)",0,"2021-10-04 04:02:48",0,"2021-10-04 04:02:48"
16890,543,"Gloves","Extra","Insightful Ability (Dexterity)",0,"2021-10-04 04:02:48",0,"2021-10-04 04:02:48"
16900,543,"Gloves","Extra","Insightful Ability (Strength)",0,"2021-10-04 04:02:48",0,"2021-10-04 04:02:48"
16910,543,"Gloves","Extra","Stunning",0,"2021-10-04 04:02:48",0,"2021-10-04 04:02:48"
16920,543,"Gloves","Extra","Tendon Slice",0,"2021-10-04 04:02:48",0,"2021-10-04 04:02:48"
16930,543,"Gloves","Extra","Trip",0,"2021-10-04 04:02:48",0,"2021-10-04 04:02:48"
16940,543,"Gloves","Extra","Insightful Sunder",0,"2021-10-04 04:02:48",0,"2021-10-04 04:02:48"
16950,543,"Gloves","Extra","Insightful Spell Penetration",0,"2021-10-04 04:02:48",0,"2021-10-04 04:02:48"
16960,543,"Gloves","Extra","Insightful Accuracy",0,"2021-10-04 04:02:48",0,"2021-10-04 04:02:48"
16970,543,"Gloves","Extra","Insightful Skill (Bluff)",0,"2021-10-04 04:02:48",0,"2021-10-04 04:02:48"
16980,543,"Gloves","Extra","Insightful Skill (Open Lock)",0,"2021-10-04 04:02:48",0,"2021-10-04 04:02:48"
16990,543,"Gloves","Extra","Insightful Skill (Perform)",0,"2021-10-04 04:02:48",0,"2021-10-04 04:02:48"
17000,543,"Gloves","Extra","Insightful Skill (Repair)",0,"2021-10-04 04:02:48",0,"2021-10-04 04:02:48"
17010,543,"Gloves","Extra","Insightful Spell Power (Combustion)",0,"2021-10-04 04:02:48",0,"2021-10-04 04:02:48"
17020,543,"Gloves","Extra","Insightful Spell Power (Corrosion)",0,"2021-10-04 04:02:48",0,"2021-10-04 04:02:48"
17030,543,"Gloves","Extra","Insightful Spell Power (Devotion)",0,"2021-10-04 04:02:49",0,"2021-10-04 04:02:49"
17040,543,"Gloves","Extra","Insightful Spell Power (Glaciation)",0,"2021-10-04 04:02:49",0,"2021-10-04 04:02:49"
17050,543,"Gloves","Extra","Insightful Spell Power (Impulse)",0,"2021-10-04 04:02:49",0,"2021-10-04 04:02:49"
17060,543,"Gloves","Extra","Insightful Spell Power (Magnetism)",0,"2021-10-04 04:02:49",0,"2021-10-04 04:02:49"
17070,543,"Gloves","Extra","Insightful Spell Power (Nullification)",0,"2021-10-04 04:02:49",0,"2021-10-04 04:02:49"
17080,543,"Gloves","Extra","Insightful Spell Power (Radiance)",0,"2021-10-04 04:02:49",0,"2021-10-04 04:02:49"
17090,543,"Gloves","Extra","Insightful Spell Power (Reconstruction)",0,"2021-10-04 04:02:49",0,"2021-10-04 04:02:49"
17100,543,"Gloves","Extra","Insightful Spell Power (Resonance)",0,"2021-10-04 04:02:49",0,"2021-10-04 04:02:49"
17110,543,"Gloves","Extra","Insightful Incite",0,"2021-10-04 04:02:49",0,"2021-10-04 04:02:49"
17120,576,"Boots","Augment 1","Yellow",0,"2021-10-04 04:02:49",0,"2021-10-04 04:02:49"
17130,577,"Boots","Augment 1","Blue",0,"2021-10-04 04:02:49",0,"2021-10-04 04:02:49"
17140,578,"Boots","Augment 1","Colorless",0,"2021-10-04 04:02:49",0,"2021-10-04 04:02:49"
17150,579,"Boots","Augment 2","Yellow",0,"2021-10-04 04:02:49",0,"2021-10-04 04:02:49"
17160,580,"Boots","Augment 2","Blue",0,"2021-10-04 04:02:49",0,"2021-10-04 04:02:49"
17170,581,"Boots","Augment 2","Colorless",0,"2021-10-04 04:02:49",0,"2021-10-04 04:02:49"
17180,582,"Boots","Prefix","Ability (Dexterity)",0,"2021-10-04 04:02:49",0,"2021-10-04 04:02:49"
17190,582,"Boots","Prefix","Combat Mastery",0,"2021-10-04 04:02:49",0,"2021-10-04 04:02:49"
17200,582,"Boots","Prefix","Dodge",0,"2021-10-04 04:02:49",0,"2021-10-04 04:02:49"
17210,582,"Boots","Prefix","Feather Fall",0,"2021-10-04 04:02:49",0,"2021-10-04 04:02:49"
17220,582,"Boots","Prefix","Seeker",0,"2021-10-04 04:02:49",0,"2021-10-04 04:02:49"
17230,582,"Boots","Prefix","Skill (Balance)",0,"2021-10-04 04:02:49",0,"2021-10-04 04:02:49"
17240,582,"Boots","Prefix","Skill (Move Silently)",0,"2021-10-04 04:02:49",0,"2021-10-04 04:02:49"
17250,582,"Boots","Prefix","Spellsight",0,"2021-10-04 04:02:49",0,"2021-10-04 04:02:49"
17260,582,"Boots","Prefix","Insightful Skill (Tumble)",0,"2021-10-04 04:02:49",0,"2021-10-04 04:02:49"
17270,582,"Boots","Prefix","Striding/Speed",0,"2021-10-04 04:02:49",0,"2021-10-04 04:02:49"
17280,582,"Boots","Suffix","Ability (Strength)",0,"2021-10-04 04:02:49",0,"2021-10-04 04:02:49"
17290,582,"Boots","Suffix","Diversion",0,"2021-10-04 04:02:49",0,"2021-10-04 04:02:49"
17300,582,"Boots","Suffix","Insightful Diversion",0,"2021-10-04 04:02:49",0,"2021-10-04 04:02:49"
17310,582,"Boots","Suffix","Parrying",0,"2021-10-04 04:02:49",0,"2021-10-04 04:02:49"
17320,582,"Boots","Suffix","Sheltering",0,"2021-10-04 04:02:49",0,"2021-10-04 04:02:49"
17330,582,"Boots","Suffix","Insightful Skill (Balance)",0,"2021-10-04 04:02:49",0,"2021-10-04 04:02:49"
17340,582,"Boots","Suffix","Skill (Jump)",0,"2021-10-04 04:02:49",0,"2021-10-04 04:02:49"
17350,582,"Boots","Suffix","Skill (Swim)",0,"2021-10-04 04:02:49",0,"2021-10-04 04:02:49"
17360,582,"Boots","Suffix","Guard (Acid)",0,"2021-10-04 04:02:49",0,"2021-10-04 04:02:49"
17370,582,"Boots","Suffix","Guard (Fire)",0,"2021-10-04 04:02:49",0,"2021-10-04 04:02:49"
17380,582,"Boots","Suffix","Guard (Ice)",0,"2021-10-04 04:02:49",0,"2021-10-04 04:02:49"
17390,582,"Boots","Suffix","Guard (Lightning)",0,"2021-10-04 04:02:49",0,"2021-10-04 04:02:49"
17400,582,"Boots","Suffix","Guard (Sonic)",0,"2021-10-04 04:02:49",0,"2021-10-04 04:02:49"
17410,607,"Boots","Extra","Insightful Ability (Dexterity)",0,"2021-10-04 04:02:49",0,"2021-10-04 04:02:49"
17420,607,"Boots","Extra","Insightful Combat Mastery",0,"2021-10-04 04:02:49",0,"2021-10-04 04:02:49"
17430,607,"Boots","Extra","Insightful Dodge",0,"2021-10-04 04:02:49",0,"2021-10-04 04:02:49"
17440,607,"Boots","Extra","Insightful Fortification",0,"2021-10-04 04:02:49",0,"2021-10-04 04:02:49"
17450,607,"Boots","Extra","Insightful Seeker",0,"2021-10-04 04:02:49",0,"2021-10-04 04:02:49"
17460,607,"Boots","Extra","Insightful Skill (Jump)",0,"2021-10-04 04:02:49",0,"2021-10-04 04:02:49"
17470,607,"Boots","Extra","Insightful Skill (Move Silently)",0,"2021-10-04 04:02:49",0,"2021-10-04 04:02:49"
17480,607,"Boots","Extra","Insightful Spellsight",0,"2021-10-04 04:02:49",0,"2021-10-04 04:02:49"
17490,607,"Boots","Extra","Insightful Skill (Swim)",0,"2021-10-04 04:02:49",0,"2021-10-04 04:02:49"
17500,607,"Boots","Extra","Insightful Skill (Tumble)",0,"2021-10-04 04:02:49",0,"2021-10-04 04:02:49"
17510,640,"Bracers","Augment 1","Yellow",0,"2021-10-04 04:02:49",0,"2021-10-04 04:02:49"
17520,641,"Bracers","Augment 1","Blue",0,"2021-10-04 04:02:49",0,"2021-10-04 04:02:49"
17530,642,"Bracers","Augment 1","Colorless",0,"2021-10-04 04:02:49",0,"2021-10-04 04:02:49"
17540,643,"Bracers","Augment 2","Yellow",0,"2021-10-04 04:02:49",0,"2021-10-04 04:02:49"
17550,644,"Bracers","Augment 2","Blue",0,"2021-10-04 04:02:49",0,"2021-10-04 04:02:49"
17560,645,"Bracers","Augment 2","Colorless",0,"2021-10-04 04:02:49",0,"2021-10-04 04:02:49"
17570,646,"Bracers","Prefix","Ability (Strength)",0,"2021-10-04 04:02:49",0,"2021-10-04 04:02:49"
17580,646,"Bracers","Prefix","Insightful Resist (Acid)",0,"2021-10-04 04:02:49",0,"2021-10-04 04:02:49"
17590,646,"Bracers","Prefix","Insightful Resist (Cold)",0,"2021-10-04 04:02:49",0,"2021-10-04 04:02:49"
17600,646,"Bracers","Prefix","Insightful Resist (Electric)",0,"2021-10-04 04:02:49",0,"2021-10-04 04:02:49"
17610,646,"Bracers","Prefix","Insightful Resist (Fire)",0,"2021-10-04 04:02:49",0,"2021-10-04 04:02:49"
17620,646,"Bracers","Prefix","Insightful Resist (Light)",0,"2021-10-04 04:02:49",0,"2021-10-04 04:02:49"
17630,646,"Bracers","Prefix","Insightful Resist (Negative)",0,"2021-10-04 04:02:49",0,"2021-10-04 04:02:49"
17640,646,"Bracers","Prefix","Insightful Resist (Poison)",0,"2021-10-04 04:02:49",0,"2021-10-04 04:02:49"
17650,646,"Bracers","Prefix","Insightful Resist (Sonic)",0,"2021-10-04 04:02:49",0,"2021-10-04 04:02:49"
17660,646,"Bracers","Prefix","Disease Ward",0,"2021-10-04 04:02:49",0,"2021-10-04 04:02:49"
17670,646,"Bracers","Prefix","Enchantment Resistance",0,"2021-10-04 04:02:49",0,"2021-10-04 04:02:49"
17680,646,"Bracers","Prefix","Fortitude",0,"2021-10-04 04:02:49",0,"2021-10-04 04:02:49"
17690,646,"Bracers","Prefix","Illusion Resistance",0,"2021-10-04 04:02:49",0,"2021-10-04 04:02:49"
17700,646,"Bracers","Prefix","Insightful Spell Resistance",0,"2021-10-04 04:02:49",0,"2021-10-04 04:02:49"
17710,646,"Bracers","Prefix","Protection",0,"2021-10-04 04:02:49",0,"2021-10-04 04:02:49"
17720,646,"Bracers","Prefix","Poison Ward",0,"2021-10-04 04:02:49",0,"2021-10-04 04:02:49"
17730,646,"Bracers","Prefix","Reflex",0,"2021-10-04 04:02:49",0,"2021-10-04 04:02:49"
17740,646,"Bracers","Prefix","Spell Saves",0,"2021-10-04 04:02:49",0,"2021-10-04 04:02:49"
17750,646,"Bracers","Prefix","Will",0,"2021-10-04 04:02:49",0,"2021-10-04 04:02:49"
17760,646,"Bracers","Prefix","Resistance",0,"2021-10-04 04:02:49",0,"2021-10-04 04:02:49"
17770,646,"Bracers","Suffix","Ability (Constitution)",0,"2021-10-04 04:02:49",0,"2021-10-04 04:02:49"
17780,646,"Bracers","Suffix","Dodge",0,"2021-10-04 04:02:49",0,"2021-10-04 04:02:49"
17790,646,"Bracers","Suffix","Fortification",0,"2021-10-04 04:02:49",0,"2021-10-04 04:02:49"
17800,646,"Bracers","Suffix","Insightful Magical Sheltering",0,"2021-10-04 04:02:49",0,"2021-10-04 04:02:49"
17810,646,"Bracers","Suffix","Insightful Physical Sheltering",0,"2021-10-04 04:02:49",0,"2021-10-04 04:02:49"
17820,646,"Bracers","Suffix","Skill (Intimidate)",0,"2021-10-04 04:02:49",0,"2021-10-04 04:02:49"
17830,646,"Bracers","Suffix","Skill (Move Silently)",0,"2021-10-04 04:02:49",0,"2021-10-04 04:02:49"
17840,646,"Bracers","Suffix","Spellsight",0,"2021-10-04 04:02:49",0,"2021-10-04 04:02:49"
17850,646,"Bracers","Suffix","Skill (Tumble)",0,"2021-10-04 04:02:49",0,"2021-10-04 04:02:49"
17860,671,"Bracers","Extra","Insightful Ability (Strength)",0,"2021-10-04 04:02:49",0,"2021-10-04 04:02:49"
17870,671,"Bracers","Extra","Insightful Fortification",0,"2021-10-04 04:02:49",0,"2021-10-04 04:02:49"
17880,671,"Bracers","Extra","Parrying",0,"2021-10-04 04:02:49",0,"2021-10-04 04:02:49"
17890,671,"Bracers","Extra","Sheltering",0,"2021-10-04 04:02:49",0,"2021-10-04 04:02:49"
17900,671,"Bracers","Extra","Insightful Skill (Intimidate)",0,"2021-10-04 04:02:49",0,"2021-10-04 04:02:49"
17910,671,"Bracers","Extra","Insightful Spellsight",0,"2021-10-04 04:02:49",0,"2021-10-04 04:02:49"
17920,671,"Bracers","Extra","Skill (Perform)",0,"2021-10-04 04:02:49",0,"2021-10-04 04:02:49"
17930,704,"Armor","Augment 1","Blue",0,"2021-10-04 04:02:49",0,"2021-10-04 04:02:49"
17940,705,"Armor","Augment 1","Yellow",0,"2021-10-04 04:02:49",0,"2021-10-04 04:02:49"
17950,706,"Armor","Augment 1","Colorless",0,"2021-10-04 04:02:49",0,"2021-10-04 04:02:49"
17960,707,"Armor","Augment 2","Blue",0,"2021-10-04 04:02:49",0,"2021-10-04 04:02:49"
17970,708,"Armor","Augment 2","Yellow",0,"2021-10-04 04:02:49",0,"2021-10-04 04:02:49"
17980,709,"Armor","Augment 2","Colorless",0,"2021-10-04 04:02:49",0,"2021-10-04 04:02:49"
17990,710,"Armor","Prefix","Ability (Constitution)",0,"2021-10-04 04:02:49",0,"2021-10-04 04:02:49"
18000,710,"Armor","Prefix","Absorption (Acid)",0,"2021-10-04 04:02:49",0,"2021-10-04 04:02:49"
18010,710,"Armor","Prefix","Absorption (Cold)",0,"2021-10-04 04:02:49",0,"2021-10-04 04:02:49"
18020,710,"Armor","Prefix","Absorption (Electricity)",0,"2021-10-04 04:02:49",0,"2021-10-04 04:02:49"
18030,710,"Armor","Prefix","Absorption (Fire)",0,"2021-10-04 04:02:49",0,"2021-10-04 04:02:49"
18040,710,"Armor","Prefix","Absorption (Sonic)",0,"2021-10-04 04:02:49",0,"2021-10-04 04:02:49"
18050,710,"Armor","Prefix","Twilight",0,"2021-10-04 04:02:49",0,"2021-10-04 04:02:49"
18060,710,"Armor","Prefix","Combat Mastery",0,"2021-10-04 04:02:49",0,"2021-10-04 04:02:49"
18070,710,"Armor","Prefix","Fearsome",0,"2021-10-04 04:02:49",0,"2021-10-04 04:02:49"
18080,710,"Armor","Prefix","Vitality",0,"2021-10-04 04:02:49",0,"2021-10-04 04:02:49"
18090,710,"Armor","Prefix","Fortification",0,"2021-10-04 04:02:49",0,"2021-10-04 04:02:49"
18100,710,"Armor","Prefix","Blueshine",0,"2021-10-04 04:02:49",0,"2021-10-04 04:02:49"
18110,710,"Armor","Prefix","Spell Power (Combustion)",0,"2021-10-04 04:02:49",0,"2021-10-04 04:02:49"
18120,710,"Armor","Prefix","Spell Power (Corrosion)",0,"2021-10-04 04:02:49",0,"2021-10-04 04:02:49"
18130,710,"Armor","Prefix","Spell Power (Devotion)",0,"2021-10-04 04:02:49",0,"2021-10-04 04:02:49"
18140,710,"Armor","Prefix","Spell Power (Glaciation)",0,"2021-10-04 04:02:49",0,"2021-10-04 04:02:49"
18150,710,"Armor","Prefix","Spell Power (Impulse)",0,"2021-10-04 04:02:49",0,"2021-10-04 04:02:49"
18160,710,"Armor","Prefix","Spell Power (Magnetism)",0,"2021-10-04 04:02:49",0,"2021-10-04 04:02:49"
18170,710,"Armor","Prefix","Spell Power (Nullification)",0,"2021-10-04 04:02:49",0,"2021-10-04 04:02:49"
18180,710,"Armor","Prefix","Spell Power (Radiance)",0,"2021-10-04 04:02:49",0,"2021-10-04 04:02:49"
18190,710,"Armor","Prefix","Spell Power (Reconstruction)",0,"2021-10-04 04:02:49",0,"2021-10-04 04:02:49"
18200,710,"Armor","Prefix","Spell Power (Resonance)",0,"2021-10-04 04:02:49",0,"2021-10-04 04:02:49"
18210,710,"Armor","Prefix","Lesser Arcane Spell Dexterity",0,"2021-10-04 04:02:49",0,"2021-10-04 04:02:49"
18220,710,"Armor","Prefix","Spell Resistance",0,"2021-10-04 04:02:49",0,"2021-10-04 04:02:49"
18230,710,"Armor","Prefix","Sacred",0,"2021-10-04 04:02:49",0,"2021-10-04 04:02:49"
18240,710,"Armor","Suffix","Insightful Combat Mastery",0,"2021-10-04 04:02:49",0,"2021-10-04 04:02:49"
18250,710,"Armor","Suffix","Resist (Acid)",0,"2021-10-04 04:02:49",0,"2021-10-04 04:02:49"
18260,710,"Armor","Suffix","Resist (Cold)",0,"2021-10-04 04:02:49",0,"2021-10-04 04:02:49"
18270,710,"Armor","Suffix","Resist (Electric)",0,"2021-10-04 04:02:49",0,"2021-10-04 04:02:49"
18280,710,"Armor","Suffix","Resist (Fire)",0,"2021-10-04 04:02:49",0,"2021-10-04 04:02:49"
18290,710,"Armor","Suffix","Resist (Light)",0,"2021-10-04 04:02:49",0,"2021-10-04 04:02:49"
18300,710,"Armor","Suffix","Resist (Negative)",0,"2021-10-04 04:02:49",0,"2021-10-04 04:02:49"
18310,710,"Armor","Suffix","Resist (Poison)",0,"2021-10-04 04:02:49",0,"2021-10-04 04:02:49"
18320,710,"Armor","Suffix","Resist (Sonic)",0,"2021-10-04 04:02:49",0,"2021-10-04 04:02:49"
18330,710,"Armor","Suffix","Invulnerability",0,"2021-10-04 04:02:49",0,"2021-10-04 04:02:49"
18340,710,"Armor","Suffix","Guard (Acid)",0,"2021-10-04 04:02:49",0,"2021-10-04 04:02:49"
18350,710,"Armor","Suffix","Guard (Fire)",0,"2021-10-04 04:02:49",0,"2021-10-04 04:02:49"
18360,710,"Armor","Suffix","Guard (Ice)",0,"2021-10-04 04:02:49",0,"2021-10-04 04:02:49"
18370,710,"Armor","Suffix","Guard (Lightning)",0,"2021-10-04 04:02:49",0,"2021-10-04 04:02:49"
18380,710,"Armor","Suffix","Guard (Sonic)",0,"2021-10-04 04:02:49",0,"2021-10-04 04:02:49"
18390,710,"Armor","Suffix","False Life",0,"2021-10-04 04:02:49",0,"2021-10-04 04:02:49"
18400,710,"Armor","Suffix","Deathblock",0,"2021-10-04 04:02:49",0,"2021-10-04 04:02:49"
18410,710,"Armor","Suffix","Skill (Intimidate)",0,"2021-10-04 04:02:49",0,"2021-10-04 04:02:49"
18420,710,"Armor","Suffix","Skill (Move Silently)",0,"2021-10-04 04:02:49",0,"2021-10-04 04:02:49"
18430,710,"Armor","Suffix","Healing Amplification",0,"2021-10-04 04:02:49",0,"2021-10-04 04:02:49"
18440,710,"Armor","Suffix","Negative Amplification",0,"2021-10-04 04:02:49",0,"2021-10-04 04:02:49"
18450,710,"Armor","Suffix","Repair Amplification",0,"2021-10-04 04:02:49",0,"2021-10-04 04:02:49"
18460,710,"Armor","Suffix","Eternal Faith",0,"2021-10-04 04:02:49",0,"2021-10-04 04:02:49"
18470,735,"Armor","Extra","Parrying",0,"2021-10-04 04:02:49",0,"2021-10-04 04:02:49"
18480,735,"Armor","Extra","Insightful Resist (Acid)",0,"2021-10-04 04:02:49",0,"2021-10-04 04:02:49"
18490,735,"Armor","Extra","Insightful Resist (Cold)",0,"2021-10-04 04:02:49",0,"2021-10-04 04:02:49"
18500,735,"Armor","Extra","Insightful Resist (Electric)",0,"2021-10-04 04:02:49",0,"2021-10-04 04:02:49"
18510,735,"Armor","Extra","Insightful Resist (Fire)",0,"2021-10-04 04:02:49",0,"2021-10-04 04:02:49"
18520,735,"Armor","Extra","Insightful Resist (Light)",0,"2021-10-04 04:02:49",0,"2021-10-04 04:02:49"
18530,735,"Armor","Extra","Insightful Resist (Negative)",0,"2021-10-04 04:02:49",0,"2021-10-04 04:02:49"
18540,735,"Armor","Extra","Insightful Resist (Poison)",0,"2021-10-04 04:02:49",0,"2021-10-04 04:02:49"
18550,735,"Armor","Extra","Insightful Resist (Sonic)",0,"2021-10-04 04:02:49",0,"2021-10-04 04:02:49"
18560,735,"Armor","Extra","Insightful Skill (Balance)",0,"2021-10-04 04:02:49",0,"2021-10-04 04:02:49"
18570,735,"Armor","Extra","Insightful Skill (Intimidate)",0,"2021-10-04 04:02:49",0,"2021-10-04 04:02:49"
18580,735,"Armor","Extra","Insightful Skill (Move Silently)",0,"2021-10-04 04:02:49",0,"2021-10-04 04:02:49"
18590,768,"Shield","Augment 1","Blue",0,"2021-10-04 04:02:49",0,"2021-10-04 04:02:49"
18600,769,"Shield","Augment 1","Yellow",0,"2021-10-04 04:02:49",0,"2021-10-04 04:02:49"
18610,770,"Shield","Augment 1","Colorless",0,"2021-10-04 04:02:49",0,"2021-10-04 04:02:49"
18620,771,"Shield","Augment 2","Blue",0,"2021-10-04 04:02:49",0,"2021-10-04 04:02:49"
18630,772,"Shield","Augment 2","Yellow",0,"2021-10-04 04:02:49",0,"2021-10-04 04:02:49"
18640,773,"Shield","Augment 2","Colorless",0,"2021-10-04 04:02:49",0,"2021-10-04 04:02:49"
18650,774,"Shield","Prefix","Absorption (Acid)",0,"2021-10-04 04:02:49",0,"2021-10-04 04:02:49"
18660,774,"Shield","Prefix","Absorption (Cold)",0,"2021-10-04 04:02:49",0,"2021-10-04 04:02:49"
18670,774,"Shield","Prefix","Absorption (Electricity)",0,"2021-10-04 04:02:49",0,"2021-10-04 04:02:49"
18680,774,"Shield","Prefix","Absorption (Fire)",0,"2021-10-04 04:02:49",0,"2021-10-04 04:02:49"
18690,774,"Shield","Prefix","Absorption (Sonic)",0,"2021-10-04 04:02:49",0,"2021-10-04 04:02:49"
18700,774,"Shield","Prefix","Combat Mastery",0,"2021-10-04 04:02:49",0,"2021-10-04 04:02:49"
18710,774,"Shield","Prefix","Fortification",0,"2021-10-04 04:02:49",0,"2021-10-04 04:02:49"
18720,774,"Shield","Prefix","Skill (Perform)",0,"2021-10-04 04:02:49",0,"2021-10-04 04:02:49"
18730,774,"Shield","Prefix","Spell Power (Combustion)",0,"2021-10-04 04:02:49",0,"2021-10-04 04:02:49"
18740,774,"Shield","Prefix","Spell Power (Corrosion)",0,"2021-10-04 04:02:49",0,"2021-10-04 04:02:49"
18750,774,"Shield","Prefix","Spell Power (Devotion)",0,"2021-10-04 04:02:49",0,"2021-10-04 04:02:49"
18760,774,"Shield","Prefix","Spell Power (Glaciation)",0,"2021-10-04 04:02:49",0,"2021-10-04 04:02:49"
18770,774,"Shield","Prefix","Spell Power (Impulse)",0,"2021-10-04 04:02:49",0,"2021-10-04 04:02:49"
18780,774,"Shield","Prefix","Spell Power (Magnetism)",0,"2021-10-04 04:02:49",0,"2021-10-04 04:02:49"
18790,774,"Shield","Prefix","Spell Power (Nullification)",0,"2021-10-04 04:02:49",0,"2021-10-04 04:02:49"
18800,774,"Shield","Prefix","Spell Power (Radiance)",0,"2021-10-04 04:02:49",0,"2021-10-04 04:02:49"
18810,774,"Shield","Prefix","Spell Power (Reconstruction)",0,"2021-10-04 04:02:49",0,"2021-10-04 04:02:49"
18820,774,"Shield","Prefix","Spell Power (Resonance)",0,"2021-10-04 04:02:49",0,"2021-10-04 04:02:49"
18830,774,"Shield","Prefix","Spell Resistance",0,"2021-10-04 04:02:49",0,"2021-10-04 04:02:49"
18840,774,"Shield","Prefix","Silver Flame",0,"2021-10-04 04:02:49",0,"2021-10-04 04:02:49"
18850,774,"Shield","Prefix","Sacred",0,"2021-10-04 04:02:49",0,"2021-10-04 04:02:49"
18860,774,"Shield","Suffix","Bashing",0,"2021-10-04 04:02:49",0,"2021-10-04 04:02:49"
18870,774,"Shield","Suffix","Sheltering",0,"2021-10-04 04:02:49",0,"2021-10-04 04:02:49"
18880,774,"Shield","Suffix","Insightful Combat Mastery",0,"2021-10-04 04:02:49",0,"2021-10-04 04:02:49"
18890,774,"Shield","Suffix","Shield Spikes",0,"2021-10-04 04:02:49",0,"2021-10-04 04:02:49"
18900,774,"Shield","Suffix","Resist (Acid)",0,"2021-10-04 04:02:49",0,"2021-10-04 04:02:49"
18910,774,"Shield","Suffix","Resist (Cold)",0,"2021-10-04 04:02:49",0,"2021-10-04 04:02:49"
18920,774,"Shield","Suffix","Resist (Electric)",0,"2021-10-04 04:02:49",0,"2021-10-04 04:02:49"
18930,774,"Shield","Suffix","Resist (Fire)",0,"2021-10-04 04:02:49",0,"2021-10-04 04:02:49"
18940,774,"Shield","Suffix","Resist (Light)",0,"2021-10-04 04:02:50",0,"2021-10-04 04:02:50"
18950,774,"Shield","Suffix","Resist (Negative)",0,"2021-10-04 04:02:50",0,"2021-10-04 04:02:50"
18960,774,"Shield","Suffix","Resist (Poison)",0,"2021-10-04 04:02:50",0,"2021-10-04 04:02:50"
18970,774,"Shield","Suffix","Resist (Sonic)",0,"2021-10-04 04:02:50",0,"2021-10-04 04:02:50"
18980,774,"Shield","Suffix","Guard (Acid)",0,"2021-10-04 04:02:50",0,"2021-10-04 04:02:50"
18990,774,"Shield","Suffix","Guard (Fire)",0,"2021-10-04 04:02:50",0,"2021-10-04 04:02:50"
19000,774,"Shield","Suffix","Guard (Ice)",0,"2021-10-04 04:02:50",0,"2021-10-04 04:02:50"
19010,774,"Shield","Suffix","Guard (Lightning)",0,"2021-10-04 04:02:50",0,"2021-10-04 04:02:50"
19020,774,"Shield","Suffix","Guard (Sonic)",0,"2021-10-04 04:02:50",0,"2021-10-04 04:02:50"
19030,774,"Shield","Suffix","False Life",0,"2021-10-04 04:02:50",0,"2021-10-04 04:02:50"
19040,774,"Shield","Suffix","Deathblock",0,"2021-10-04 04:02:50",0,"2021-10-04 04:02:50"
19050,774,"Shield","Suffix","Shield Bashing",0,"2021-10-04 04:02:50",0,"2021-10-04 04:02:50"
19060,774,"Shield","Suffix","Skill (Intimidate)",0,"2021-10-04 04:02:50",0,"2021-10-04 04:02:50"
19070,774,"Shield","Suffix","Skill (Move Silently)",0,"2021-10-04 04:02:50",0,"2021-10-04 04:02:50"
19080,774,"Shield","Suffix","Wizardry",0,"2021-10-04 04:02:50",0,"2021-10-04 04:02:50"
19090,774,"Shield","Suffix","Eternal Faith",0,"2021-10-04 04:02:50",0,"2021-10-04 04:02:50"
19100,799,"Shield","Extra","Insightful Deadly",0,"2021-10-04 04:02:50",0,"2021-10-04 04:02:50"
19110,799,"Shield","Extra","Insightful Skill (Balance)",0,"2021-10-04 04:02:50",0,"2021-10-04 04:02:50"
19120,799,"Shield","Extra","Insightful Skill (Intimidate)",0,"2021-10-04 04:02:50",0,"2021-10-04 04:02:50"
19130,799,"Shield","Extra","Insightful Skill (Move Silently)",0,"2021-10-04 04:02:50",0,"2021-10-04 04:02:50"
19140,799,"Shield","Extra","Parrying",0,"2021-10-04 04:02:50",0,"2021-10-04 04:02:50"
19150,799,"Shield","Extra","Insightful Resist (Acid)",0,"2021-10-04 04:02:50",0,"2021-10-04 04:02:50"
19160,799,"Shield","Extra","Insightful Resist (Cold)",0,"2021-10-04 04:02:50",0,"2021-10-04 04:02:50"
19170,799,"Shield","Extra","Insightful Resist (Electric)",0,"2021-10-04 04:02:50",0,"2021-10-04 04:02:50"
19180,799,"Shield","Extra","Insightful Resist (Fire)",0,"2021-10-04 04:02:50",0,"2021-10-04 04:02:50"
19190,799,"Shield","Extra","Insightful Resist (Light)",0,"2021-10-04 04:02:50",0,"2021-10-04 04:02:50"
19200,799,"Shield","Extra","Insightful Resist (Negative)",0,"2021-10-04 04:02:50",0,"2021-10-04 04:02:50"
19210,799,"Shield","Extra","Insightful Resist (Poison)",0,"2021-10-04 04:02:50",0,"2021-10-04 04:02:50"
19220,799,"Shield","Extra","Insightful Resist (Sonic)",0,"2021-10-04 04:02:50",0,"2021-10-04 04:02:50"
19230,832,"Melee1","Augment 1","Red",0,"2021-10-04 04:02:50",0,"2021-10-04 04:02:50"
19240,833,"Melee1","Augment 1","Colorless",0,"2021-10-04 04:02:50",0,"2021-10-04 04:02:50"
19250,834,"Melee1","Augment 2","Red",0,"2021-10-04 04:02:50",0,"2021-10-04 04:02:50"
19260,835,"Melee1","Augment 2","Blue",0,"2021-10-04 04:02:50",0,"2021-10-04 04:02:50"
19270,836,"Melee1","Augment 2","Yellow",0,"2021-10-04 04:02:50",0,"2021-10-04 04:02:50"
19280,837,"Melee1","Augment 2","Colorless",0,"2021-10-04 04:02:50",0,"2021-10-04 04:02:50"
19290,838,"Melee1","Prefix","Damage (Acid)",0,"2021-10-04 04:02:50",0,"2021-10-04 04:02:50"
19300,838,"Melee1","Prefix","Damage (Chaos)",0,"2021-10-04 04:02:50",0,"2021-10-04 04:02:50"
19310,838,"Melee1","Prefix","Damage (Cold)",0,"2021-10-04 04:02:50",0,"2021-10-04 04:02:50"
19320,838,"Melee1","Prefix","Damage (Electricity)",0,"2021-10-04 04:02:50",0,"2021-10-04 04:02:50"
19330,838,"Melee1","Prefix","Damage (Evil)",0,"2021-10-04 04:02:50",0,"2021-10-04 04:02:50"
19340,838,"Melee1","Prefix","Damage (Fire)",0,"2021-10-04 04:02:50",0,"2021-10-04 04:02:50"
19350,838,"Melee1","Prefix","Damage (Force)",0,"2021-10-04 04:02:50",0,"2021-10-04 04:02:50"
19360,838,"Melee1","Prefix","Damage (Good)",0,"2021-10-04 04:02:50",0,"2021-10-04 04:02:50"
19370,838,"Melee1","Prefix","Damage (Law)",0,"2021-10-04 04:02:50",0,"2021-10-04 04:02:50"
19380,838,"Melee1","Prefix","Damage (Negative)",0,"2021-10-04 04:02:50",0,"2021-10-04 04:02:50"
19390,838,"Melee1","Prefix","Damage (Poison)",0,"2021-10-04 04:02:50",0,"2021-10-04 04:02:50"
19400,838,"Melee1","Prefix","Damage (Light)",0,"2021-10-04 04:02:50",0,"2021-10-04 04:02:50"
19410,838,"Melee1","Prefix","Damage (Sonic)",0,"2021-10-04 04:02:50",0,"2021-10-04 04:02:50"
19420,838,"Melee1","Prefix","Armor-Piercing",0,"2021-10-04 04:02:50",0,"2021-10-04 04:02:50"
19430,838,"Melee1","Prefix","Melee Alacrity",0,"2021-10-04 04:02:50",0,"2021-10-04 04:02:50"
19440,838,"Melee1","Prefix","Metalline",0,"2021-10-04 04:02:50",0,"2021-10-04 04:02:50"
19450,838,"Melee1","Prefix","Ghost Touch",0,"2021-10-04 04:02:50",0,"2021-10-04 04:02:50"
19460,838,"Melee1","Prefix","Seeker",0,"2021-10-04 04:02:50",0,"2021-10-04 04:02:50"
19470,838,"Melee1","Prefix","Unbalancing",0,"2021-10-04 04:02:50",0,"2021-10-04 04:02:50"
19480,838,"Melee1","Prefix","Vengeful",0,"2021-10-04 04:02:50",0,"2021-10-04 04:02:50"
19490,838,"Melee1","Prefix","Skill (Perform)",0,"2021-10-04 04:02:50",0,"2021-10-04 04:02:50"
19500,838,"Melee1","Prefix","Spell Power (Combustion)",0,"2021-10-04 04:02:50",0,"2021-10-04 04:02:50"
19510,838,"Melee1","Prefix","Spell Power (Corrosion)",0,"2021-10-04 04:02:50",0,"2021-10-04 04:02:50"
19520,838,"Melee1","Prefix","Spell Power (Devotion)",0,"2021-10-04 04:02:50",0,"2021-10-04 04:02:50"
19530,838,"Melee1","Prefix","Spell Power (Glaciation)",0,"2021-10-04 04:02:50",0,"2021-10-04 04:02:50"
19540,838,"Melee1","Prefix","Spell Power (Impulse)",0,"2021-10-04 04:02:50",0,"2021-10-04 04:02:50"
19550,838,"Melee1","Prefix","Spell Power (Magnetism)",0,"2021-10-04 04:02:50",0,"2021-10-04 04:02:50"
19560,838,"Melee1","Prefix","Spell Power (Nullification)",0,"2021-10-04 04:02:50",0,"2021-10-04 04:02:50"
19570,838,"Melee1","Prefix","Spell Power (Radiance)",0,"2021-10-04 04:02:50",0,"2021-10-04 04:02:50"
19580,838,"Melee1","Prefix","Spell Power (Reconstruction)",0,"2021-10-04 04:02:50",0,"2021-10-04 04:02:50"
19590,838,"Melee1","Prefix","Spell Power (Resonance)",0,"2021-10-04 04:02:50",0,"2021-10-04 04:02:50"
19600,838,"Melee1","Prefix","Silver Flame",0,"2021-10-04 04:02:50",0,"2021-10-04 04:02:50"
19610,838,"Melee1","Prefix","Sacred",0,"2021-10-04 04:02:50",0,"2021-10-04 04:02:50"
19620,838,"Melee1","Suffix","Assassinate",0,"2021-10-04 04:02:50",0,"2021-10-04 04:02:50"
19630,838,"Melee1","Suffix","Aligned",0,"2021-10-04 04:02:50",0,"2021-10-04 04:02:50"
19640,838,"Melee1","Suffix","Sunder",0,"2021-10-04 04:02:50",0,"2021-10-04 04:02:50"
19650,838,"Melee1","Suffix","Stunning",0,"2021-10-04 04:02:50",0,"2021-10-04 04:02:50"
19660,838,"Melee1","Suffix","Tendon Slice",0,"2021-10-04 04:02:50",0,"2021-10-04 04:02:50"
19670,838,"Melee1","Suffix","Trip",0,"2021-10-04 04:02:50",0,"2021-10-04 04:02:50"
19680,838,"Melee1","Suffix","Insightful Combat Mastery",0,"2021-10-04 04:02:50",0,"2021-10-04 04:02:50"
19690,838,"Melee1","Suffix","Keen",0,"2021-10-04 04:02:50",0,"2021-10-04 04:02:50"
19700,838,"Melee1","Suffix","Damage (Bludgeon)",0,"2021-10-04 04:02:50",0,"2021-10-04 04:02:50"
19710,838,"Melee1","Suffix","Deadly",0,"2021-10-04 04:02:50",0,"2021-10-04 04:02:50"
19720,838,"Melee1","Suffix","Damage (Piercing)",0,"2021-10-04 04:02:50",0,"2021-10-04 04:02:50"
19730,838,"Melee1","Suffix","Damage (Slashing)",0,"2021-10-04 04:02:50",0,"2021-10-04 04:02:50"
19740,838,"Melee1","Suffix","Bane (Aberration)",0,"2021-10-04 04:02:50",0,"2021-10-04 04:02:50"
19750,838,"Melee1","Suffix","Bane (Animal)",0,"2021-10-04 04:02:50",0,"2021-10-04 04:02:50"
19760,838,"Melee1","Suffix","Bane (Chaotic Outsider)",0,"2021-10-04 04:02:50",0,"2021-10-04 04:02:50"
19770,838,"Melee1","Suffix","Bane (Construct)",0,"2021-10-04 04:02:50",0,"2021-10-04 04:02:50"
19780,838,"Melee1","Suffix","Bane (Dragon)",0,"2021-10-04 04:02:50",0,"2021-10-04 04:02:50"
19790,838,"Melee1","Suffix","Bane (Dwarf)",0,"2021-10-04 04:02:50",0,"2021-10-04 04:02:50"
19800,838,"Melee1","Suffix","Bane (Elemental)",0,"2021-10-04 04:02:50",0,"2021-10-04 04:02:50"
19810,838,"Melee1","Suffix","Bane (Elf)",0,"2021-10-04 04:02:50",0,"2021-10-04 04:02:50"
19820,838,"Melee1","Suffix","Bane (Evil Outsider)",0,"2021-10-04 04:02:50",0,"2021-10-04 04:02:50"
19830,838,"Melee1","Suffix","Bane (Giant)",0,"2021-10-04 04:02:50",0,"2021-10-04 04:02:50"
19840,838,"Melee1","Suffix","Bane (Gnoll)",0,"2021-10-04 04:02:50",0,"2021-10-04 04:02:50"
19850,838,"Melee1","Suffix","Bane (Goblinoid)",0,"2021-10-04 04:02:50",0,"2021-10-04 04:02:50"
19860,838,"Melee1","Suffix","Bane (Halfling)",0,"2021-10-04 04:02:50",0,"2021-10-04 04:02:50"
19870,838,"Melee1","Suffix","Bane (Human)",0,"2021-10-04 04:02:50",0,"2021-10-04 04:02:50"
19880,838,"Melee1","Suffix","Bane (Incorporeal)",0,"2021-10-04 04:02:50",0,"2021-10-04 04:02:50"
19890,838,"Melee1","Suffix","Bane (Lawful Outsider)",0,"2021-10-04 04:02:50",0,"2021-10-04 04:02:50"
19900,838,"Melee1","Suffix","Bane (Magical Beast)",0,"2021-10-04 04:02:50",0,"2021-10-04 04:02:50"
19910,838,"Melee1","Suffix","Bane (Monstrous Humanoid)",0,"2021-10-04 04:02:50",0,"2021-10-04 04:02:50"
19920,838,"Melee1","Suffix","Bane (Ooze)",0,"2021-10-04 04:02:50",0,"2021-10-04 04:02:50"
19930,838,"Melee1","Suffix","Bane (Orc)",0,"2021-10-04 04:02:50",0,"2021-10-04 04:02:50"
19940,838,"Melee1","Suffix","Bane (Plant)",0,"2021-10-04 04:02:50",0,"2021-10-04 04:02:50"
19950,838,"Melee1","Suffix","Bane (Reptilian)",0,"2021-10-04 04:02:50",0,"2021-10-04 04:02:50"
19960,838,"Melee1","Suffix","Bane (Undead)",0,"2021-10-04 04:02:50",0,"2021-10-04 04:02:50"
19970,838,"Melee1","Suffix","Bane (Unnatural)",0,"2021-10-04 04:02:50",0,"2021-10-04 04:02:50"
19980,838,"Melee1","Suffix","Bane (Vermin)",0,"2021-10-04 04:02:50",0,"2021-10-04 04:02:50"
19990,838,"Melee1","Suffix","Everbright",0,"2021-10-04 04:02:50",0,"2021-10-04 04:02:50"
20000,838,"Melee1","Suffix","Doublestrike",0,"2021-10-04 04:02:50",0,"2021-10-04 04:02:50"
20010,838,"Melee1","Suffix","Spell Lore (Acid)",0,"2021-10-04 04:02:50",0,"2021-10-04 04:02:50"
20020,838,"Melee1","Suffix","Spell Lore (Fire)",0,"2021-10-04 04:02:50",0,"2021-10-04 04:02:50"
20030,838,"Melee1","Suffix","Spell Lore (Healing)",0,"2021-10-04 04:02:50",0,"2021-10-04 04:02:50"
20040,838,"Melee1","Suffix","Spell Lore (Ice)",0,"2021-10-04 04:02:50",0,"2021-10-04 04:02:50"
20050,838,"Melee1","Suffix","Spell Lore (Laceration)",0,"2021-10-04 04:02:50",0,"2021-10-04 04:02:50"
20060,838,"Melee1","Suffix","Spell Lore (Lightning)",0,"2021-10-04 04:02:50",0,"2021-10-04 04:02:50"
20070,838,"Melee1","Suffix","Spell Lore (Radiance)",0,"2021-10-04 04:02:50",0,"2021-10-04 04:02:50"
20080,838,"Melee1","Suffix","Spell Lore (Repair)",0,"2021-10-04 04:02:50",0,"2021-10-04 04:02:50"
20090,838,"Melee1","Suffix","Spell Lore (Sonic)",0,"2021-10-04 04:02:50",0,"2021-10-04 04:02:50"
20100,838,"Melee1","Suffix","Spell Lore (Void Lore)",0,"2021-10-04 04:02:50",0,"2021-10-04 04:02:50"
20110,838,"Melee1","Suffix","Insightful Spell Power (Combustion)",0,"2021-10-04 04:02:50",0,"2021-10-04 04:02:50"
20120,838,"Melee1","Suffix","Insightful Spell Power (Corrosion)",0,"2021-10-04 04:02:50",0,"2021-10-04 04:02:50"
20130,838,"Melee1","Suffix","Insightful Spell Power (Devotion)",0,"2021-10-04 04:02:50",0,"2021-10-04 04:02:50"
20140,838,"Melee1","Suffix","Insightful Spell Power (Glaciation)",0,"2021-10-04 04:02:50",0,"2021-10-04 04:02:50"
20150,838,"Melee1","Suffix","Insightful Spell Power (Impulse)",0,"2021-10-04 04:02:50",0,"2021-10-04 04:02:50"
20160,838,"Melee1","Suffix","Insightful Spell Power (Magnetism)",0,"2021-10-04 04:02:50",0,"2021-10-04 04:02:50"
20170,838,"Melee1","Suffix","Insightful Spell Power (Nullification)",0,"2021-10-04 04:02:50",0,"2021-10-04 04:02:50"
20180,838,"Melee1","Suffix","Insightful Spell Power (Radiance)",0,"2021-10-04 04:02:50",0,"2021-10-04 04:02:50"
20190,838,"Melee1","Suffix","Insightful Spell Power (Reconstruction)",0,"2021-10-04 04:02:50",0,"2021-10-04 04:02:50"
20200,838,"Melee1","Suffix","Insightful Spell Power (Resonance)",0,"2021-10-04 04:02:50",0,"2021-10-04 04:02:50"
20210,838,"Melee1","Suffix","Diversion",0,"2021-10-04 04:02:50",0,"2021-10-04 04:02:50"
20220,838,"Melee1","Suffix","Incite",0,"2021-10-04 04:02:50",0,"2021-10-04 04:02:50"
20230,838,"Melee1","Suffix","Eternal Faith",0,"2021-10-04 04:02:50",0,"2021-10-04 04:02:50"
20240,863,"Melee1","Extra","Ability Damage (Charisma)",0,"2021-10-04 04:02:50",0,"2021-10-04 04:02:50"
20250,863,"Melee1","Extra","Ability Damage (Constitution)",0,"2021-10-04 04:02:50",0,"2021-10-04 04:02:50"
20260,863,"Melee1","Extra","Ability Damage (Dexterity)",0,"2021-10-04 04:02:50",0,"2021-10-04 04:02:50"
20270,863,"Melee1","Extra","Ability Damage (Intelligence)",0,"2021-10-04 04:02:50",0,"2021-10-04 04:02:50"
20280,863,"Melee1","Extra","Ability Damage (Strength)",0,"2021-10-04 04:02:50",0,"2021-10-04 04:02:50"
20290,863,"Melee1","Extra","Ability Damage (Wisdom)",0,"2021-10-04 04:02:50",0,"2021-10-04 04:02:50"
20300,863,"Melee1","Extra","Insightful Assassinate",0,"2021-10-04 04:02:50",0,"2021-10-04 04:02:50"
20310,863,"Melee1","Extra","Sunder",0,"2021-10-04 04:02:50",0,"2021-10-04 04:02:50"
20320,863,"Melee1","Extra","Stunning",0,"2021-10-04 04:02:50",0,"2021-10-04 04:02:50"
20330,863,"Melee1","Extra","Tendon Slice",0,"2021-10-04 04:02:50",0,"2021-10-04 04:02:50"
20340,863,"Melee1","Extra","Trip",0,"2021-10-04 04:02:50",0,"2021-10-04 04:02:50"
20350,863,"Melee1","Extra","Insightful Seeker",0,"2021-10-04 04:02:50",0,"2021-10-04 04:02:50"
20360,863,"Melee1","Extra","Insightful Deadly",0,"2021-10-04 04:02:50",0,"2021-10-04 04:02:50"
20370,863,"Melee1","Extra","Insightful Skill (Balance)",0,"2021-10-04 04:02:50",0,"2021-10-04 04:02:50"
20380,863,"Melee1","Extra","Vampirism",0,"2021-10-04 04:02:50",0,"2021-10-04 04:02:50"
20390,871,"Melee2","Augment 1","Red",0,"2021-10-04 04:02:50",0,"2021-10-04 04:02:50"
20400,872,"Melee2","Augment 1","Colorless",0,"2021-10-04 04:02:50",0,"2021-10-04 04:02:50"
20410,873,"Melee2","Augment 2","Red",0,"2021-10-04 04:02:50",0,"2021-10-04 04:02:50"
20420,874,"Melee2","Augment 2","Blue",0,"2021-10-04 04:02:50",0,"2021-10-04 04:02:50"
20430,875,"Melee2","Augment 2","Yellow",0,"2021-10-04 04:02:50",0,"2021-10-04 04:02:50"
20440,876,"Melee2","Augment 2","Colorless",0,"2021-10-04 04:02:50",0,"2021-10-04 04:02:50"
20450,877,"Melee2","Prefix","Damage (Acid)",0,"2021-10-04 04:02:50",0,"2021-10-04 04:02:50"
20460,877,"Melee2","Prefix","Damage (Chaos)",0,"2021-10-04 04:02:50",0,"2021-10-04 04:02:50"
20470,877,"Melee2","Prefix","Damage (Cold)",0,"2021-10-04 04:02:50",0,"2021-10-04 04:02:50"
20480,877,"Melee2","Prefix","Damage (Electricity)",0,"2021-10-04 04:02:50",0,"2021-10-04 04:02:50"
20490,877,"Melee2","Prefix","Damage (Evil)",0,"2021-10-04 04:02:50",0,"2021-10-04 04:02:50"
20500,877,"Melee2","Prefix","Damage (Fire)",0,"2021-10-04 04:02:50",0,"2021-10-04 04:02:50"
20510,877,"Melee2","Prefix","Damage (Force)",0,"2021-10-04 04:02:50",0,"2021-10-04 04:02:50"
20520,877,"Melee2","Prefix","Damage (Good)",0,"2021-10-04 04:02:50",0,"2021-10-04 04:02:50"
20530,877,"Melee2","Prefix","Damage (Law)",0,"2021-10-04 04:02:50",0,"2021-10-04 04:02:50"
20540,877,"Melee2","Prefix","Damage (Negative)",0,"2021-10-04 04:02:50",0,"2021-10-04 04:02:50"
20550,877,"Melee2","Prefix","Damage (Poison)",0,"2021-10-04 04:02:50",0,"2021-10-04 04:02:50"
20560,877,"Melee2","Prefix","Damage (Light)",0,"2021-10-04 04:02:50",0,"2021-10-04 04:02:50"
20570,877,"Melee2","Prefix","Damage (Sonic)",0,"2021-10-04 04:02:50",0,"2021-10-04 04:02:50"
20580,877,"Melee2","Prefix","Armor-Piercing",0,"2021-10-04 04:02:50",0,"2021-10-04 04:02:50"
20590,877,"Melee2","Prefix","Melee Alacrity",0,"2021-10-04 04:02:50",0,"2021-10-04 04:02:50"
20600,877,"Melee2","Prefix","Metalline",0,"2021-10-04 04:02:50",0,"2021-10-04 04:02:50"
20610,877,"Melee2","Prefix","Ghost Touch",0,"2021-10-04 04:02:50",0,"2021-10-04 04:02:50"
20620,877,"Melee2","Prefix","Seeker",0,"2021-10-04 04:02:50",0,"2021-10-04 04:02:50"
20630,877,"Melee2","Prefix","Unbalancing",0,"2021-10-04 04:02:51",0,"2021-10-04 04:02:51"
20640,877,"Melee2","Prefix","Vengeful",0,"2021-10-04 04:02:51",0,"2021-10-04 04:02:51"
20650,877,"Melee2","Prefix","Skill (Perform)",0,"2021-10-04 04:02:51",0,"2021-10-04 04:02:51"
20660,877,"Melee2","Prefix","Spell Power (Combustion)",0,"2021-10-04 04:02:51",0,"2021-10-04 04:02:51"
20670,877,"Melee2","Prefix","Spell Power (Corrosion)",0,"2021-10-04 04:02:51",0,"2021-10-04 04:02:51"
20680,877,"Melee2","Prefix","Spell Power (Devotion)",0,"2021-10-04 04:02:51",0,"2021-10-04 04:02:51"
20690,877,"Melee2","Prefix","Spell Power (Glaciation)",0,"2021-10-04 04:02:51",0,"2021-10-04 04:02:51"
20700,877,"Melee2","Prefix","Spell Power (Impulse)",0,"2021-10-04 04:02:51",0,"2021-10-04 04:02:51"
20710,877,"Melee2","Prefix","Spell Power (Magnetism)",0,"2021-10-04 04:02:51",0,"2021-10-04 04:02:51"
20720,877,"Melee2","Prefix","Spell Power (Nullification)",0,"2021-10-04 04:02:51",0,"2021-10-04 04:02:51"
20730,877,"Melee2","Prefix","Spell Power (Radiance)",0,"2021-10-04 04:02:51",0,"2021-10-04 04:02:51"
20740,877,"Melee2","Prefix","Spell Power (Reconstruction)",0,"2021-10-04 04:02:51",0,"2021-10-04 04:02:51"
20750,877,"Melee2","Prefix","Spell Power (Resonance)",0,"2021-10-04 04:02:51",0,"2021-10-04 04:02:51"
20760,877,"Melee2","Prefix","Silver Flame",0,"2021-10-04 04:02:51",0,"2021-10-04 04:02:51"
20770,877,"Melee2","Prefix","Sacred",0,"2021-10-04 04:02:51",0,"2021-10-04 04:02:51"
20780,877,"Melee2","Suffix","Assassinate",0,"2021-10-04 04:02:51",0,"2021-10-04 04:02:51"
20790,877,"Melee2","Suffix","Aligned",0,"2021-10-04 04:02:51",0,"2021-10-04 04:02:51"
20800,877,"Melee2","Suffix","Sunder",0,"2021-10-04 04:02:51",0,"2021-10-04 04:02:51"
20810,877,"Melee2","Suffix","Stunning",0,"2021-10-04 04:02:51",0,"2021-10-04 04:02:51"
20820,877,"Melee2","Suffix","Tendon Slice",0,"2021-10-04 04:02:51",0,"2021-10-04 04:02:51"
20830,877,"Melee2","Suffix","Trip",0,"2021-10-04 04:02:51",0,"2021-10-04 04:02:51"
20840,877,"Melee2","Suffix","Insightful Combat Mastery",0,"2021-10-04 04:02:51",0,"2021-10-04 04:02:51"
20850,877,"Melee2","Suffix","Keen",0,"2021-10-04 04:02:51",0,"2021-10-04 04:02:51"
20860,877,"Melee2","Suffix","Damage (Bludgeon)",0,"2021-10-04 04:02:51",0,"2021-10-04 04:02:51"
20870,877,"Melee2","Suffix","Deadly",0,"2021-10-04 04:02:51",0,"2021-10-04 04:02:51"
20880,877,"Melee2","Suffix","Damage (Piercing)",0,"2021-10-04 04:02:51",0,"2021-10-04 04:02:51"
20890,877,"Melee2","Suffix","Damage (Slashing)",0,"2021-10-04 04:02:51",0,"2021-10-04 04:02:51"
20900,877,"Melee2","Suffix","Bane (Aberration)",0,"2021-10-04 04:02:51",0,"2021-10-04 04:02:51"
20910,877,"Melee2","Suffix","Bane (Animal)",0,"2021-10-04 04:02:51",0,"2021-10-04 04:02:51"
20920,877,"Melee2","Suffix","Bane (Chaotic Outsider)",0,"2021-10-04 04:02:51",0,"2021-10-04 04:02:51"
20930,877,"Melee2","Suffix","Bane (Construct)",0,"2021-10-04 04:02:51",0,"2021-10-04 04:02:51"
20940,877,"Melee2","Suffix","Bane (Dragon)",0,"2021-10-04 04:02:51",0,"2021-10-04 04:02:51"
20950,877,"Melee2","Suffix","Bane (Dwarf)",0,"2021-10-04 04:02:51",0,"2021-10-04 04:02:51"
20960,877,"Melee2","Suffix","Bane (Elemental)",0,"2021-10-04 04:02:51",0,"2021-10-04 04:02:51"
20970,877,"Melee2","Suffix","Bane (Elf)",0,"2021-10-04 04:02:51",0,"2021-10-04 04:02:51"
20980,877,"Melee2","Suffix","Bane (Evil Outsider)",0,"2021-10-04 04:02:51",0,"2021-10-04 04:02:51"
20990,877,"Melee2","Suffix","Bane (Giant)",0,"2021-10-04 04:02:51",0,"2021-10-04 04:02:51"
21000,877,"Melee2","Suffix","Bane (Gnoll)",0,"2021-10-04 04:02:51",0,"2021-10-04 04:02:51"
21010,877,"Melee2","Suffix","Bane (Goblinoid)",0,"2021-10-04 04:02:51",0,"2021-10-04 04:02:51"
21020,877,"Melee2","Suffix","Bane (Halfling)",0,"2021-10-04 04:02:51",0,"2021-10-04 04:02:51"
21030,877,"Melee2","Suffix","Bane (Human)",0,"2021-10-04 04:02:51",0,"2021-10-04 04:02:51"
21040,877,"Melee2","Suffix","Bane (Incorporeal)",0,"2021-10-04 04:02:51",0,"2021-10-04 04:02:51"
21050,877,"Melee2","Suffix","Bane (Lawful Outsider)",0,"2021-10-04 04:02:51",0,"2021-10-04 04:02:51"
21060,877,"Melee2","Suffix","Bane (Magical Beast)",0,"2021-10-04 04:02:51",0,"2021-10-04 04:02:51"
21070,877,"Melee2","Suffix","Bane (Monstrous Humanoid)",0,"2021-10-04 04:02:51",0,"2021-10-04 04:02:51"
21080,877,"Melee2","Suffix","Bane (Ooze)",0,"2021-10-04 04:02:51",0,"2021-10-04 04:02:51"
21090,877,"Melee2","Suffix","Bane (Orc)",0,"2021-10-04 04:02:51",0,"2021-10-04 04:02:51"
21100,877,"Melee2","Suffix","Bane (Plant)",0,"2021-10-04 04:02:51",0,"2021-10-04 04:02:51"
21110,877,"Melee2","Suffix","Bane (Reptilian)",0,"2021-10-04 04:02:51",0,"2021-10-04 04:02:51"
21120,877,"Melee2","Suffix","Bane (Undead)",0,"2021-10-04 04:02:51",0,"2021-10-04 04:02:51"
21130,877,"Melee2","Suffix","Bane (Unnatural)",0,"2021-10-04 04:02:51",0,"2021-10-04 04:02:51"
21140,877,"Melee2","Suffix","Bane (Vermin)",0,"2021-10-04 04:02:51",0,"2021-10-04 04:02:51"
21150,877,"Melee2","Suffix","Everbright",0,"2021-10-04 04:02:51",0,"2021-10-04 04:02:51"
21160,877,"Melee2","Suffix","Doublestrike",0,"2021-10-04 04:02:51",0,"2021-10-04 04:02:51"
21170,877,"Melee2","Suffix","Spell Lore (Acid)",0,"2021-10-04 04:02:51",0,"2021-10-04 04:02:51"
21180,877,"Melee2","Suffix","Spell Lore (Fire)",0,"2021-10-04 04:02:51",0,"2021-10-04 04:02:51"
21190,877,"Melee2","Suffix","Spell Lore (Healing)",0,"2021-10-04 04:02:51",0,"2021-10-04 04:02:51"
21200,877,"Melee2","Suffix","Spell Lore (Ice)",0,"2021-10-04 04:02:51",0,"2021-10-04 04:02:51"
21210,877,"Melee2","Suffix","Spell Lore (Laceration)",0,"2021-10-04 04:02:51",0,"2021-10-04 04:02:51"
21220,877,"Melee2","Suffix","Spell Lore (Lightning)",0,"2021-10-04 04:02:51",0,"2021-10-04 04:02:51"
21230,877,"Melee2","Suffix","Spell Lore (Radiance)",0,"2021-10-04 04:02:51",0,"2021-10-04 04:02:51"
21240,877,"Melee2","Suffix","Spell Lore (Repair)",0,"2021-10-04 04:02:51",0,"2021-10-04 04:02:51"
21250,877,"Melee2","Suffix","Spell Lore (Sonic)",0,"2021-10-04 04:02:51",0,"2021-10-04 04:02:51"
21260,877,"Melee2","Suffix","Spell Lore (Void Lore)",0,"2021-10-04 04:02:51",0,"2021-10-04 04:02:51"
21270,877,"Melee2","Suffix","Insightful Spell Power (Combustion)",0,"2021-10-04 04:02:51",0,"2021-10-04 04:02:51"
21280,877,"Melee2","Suffix","Insightful Spell Power (Corrosion)",0,"2021-10-04 04:02:51",0,"2021-10-04 04:02:51"
21290,877,"Melee2","Suffix","Insightful Spell Power (Devotion)",0,"2021-10-04 04:02:51",0,"2021-10-04 04:02:51"
21300,877,"Melee2","Suffix","Insightful Spell Power (Glaciation)",0,"2021-10-04 04:02:51",0,"2021-10-04 04:02:51"
21310,877,"Melee2","Suffix","Insightful Spell Power (Impulse)",0,"2021-10-04 04:02:51",0,"2021-10-04 04:02:51"
21320,877,"Melee2","Suffix","Insightful Spell Power (Magnetism)",0,"2021-10-04 04:02:51",0,"2021-10-04 04:02:51"
21330,877,"Melee2","Suffix","Insightful Spell Power (Nullification)",0,"2021-10-04 04:02:51",0,"2021-10-04 04:02:51"
21340,877,"Melee2","Suffix","Insightful Spell Power (Radiance)",0,"2021-10-04 04:02:51",0,"2021-10-04 04:02:51"
21350,877,"Melee2","Suffix","Insightful Spell Power (Reconstruction)",0,"2021-10-04 04:02:51",0,"2021-10-04 04:02:51"
21360,877,"Melee2","Suffix","Insightful Spell Power (Resonance)",0,"2021-10-04 04:02:51",0,"2021-10-04 04:02:51"
21370,877,"Melee2","Suffix","Diversion",0,"2021-10-04 04:02:51",0,"2021-10-04 04:02:51"
21380,877,"Melee2","Suffix","Incite",0,"2021-10-04 04:02:51",0,"2021-10-04 04:02:51"
21390,877,"Melee2","Suffix","Eternal Faith",0,"2021-10-04 04:02:51",0,"2021-10-04 04:02:51"
21400,889,"Melee2","Extra","Ability Damage (Charisma)",0,"2021-10-04 04:02:51",0,"2021-10-04 04:02:51"
21410,889,"Melee2","Extra","Ability Damage (Constitution)",0,"2021-10-04 04:02:51",0,"2021-10-04 04:02:51"
21420,889,"Melee2","Extra","Ability Damage (Dexterity)",0,"2021-10-04 04:02:51",0,"2021-10-04 04:02:51"
21430,889,"Melee2","Extra","Ability Damage (Intelligence)",0,"2021-10-04 04:02:51",0,"2021-10-04 04:02:51"
21440,889,"Melee2","Extra","Ability Damage (Strength)",0,"2021-10-04 04:02:51",0,"2021-10-04 04:02:51"
21450,889,"Melee2","Extra","Ability Damage (Wisdom)",0,"2021-10-04 04:02:51",0,"2021-10-04 04:02:51"
21460,889,"Melee2","Extra","Insightful Assassinate",0,"2021-10-04 04:02:51",0,"2021-10-04 04:02:51"
21470,889,"Melee2","Extra","Sunder",0,"2021-10-04 04:02:51",0,"2021-10-04 04:02:51"
21480,889,"Melee2","Extra","Stunning",0,"2021-10-04 04:02:51",0,"2021-10-04 04:02:51"
21490,889,"Melee2","Extra","Tendon Slice",0,"2021-10-04 04:02:51",0,"2021-10-04 04:02:51"
21500,889,"Melee2","Extra","Trip",0,"2021-10-04 04:02:51",0,"2021-10-04 04:02:51"
21510,889,"Melee2","Extra","Insightful Seeker",0,"2021-10-04 04:02:51",0,"2021-10-04 04:02:51"
21520,889,"Melee2","Extra","Insightful Deadly",0,"2021-10-04 04:02:51",0,"2021-10-04 04:02:51"
21530,889,"Melee2","Extra","Insightful Skill (Balance)",0,"2021-10-04 04:02:51",0,"2021-10-04 04:02:51"
21540,889,"Melee2","Extra","Vampirism",0,"2021-10-04 04:02:51",0,"2021-10-04 04:02:51"
21550,896,"Ranged","Augment 1","Red",0,"2021-10-04 04:02:51",0,"2021-10-04 04:02:51"
21560,897,"Ranged","Augment 1","Colorless",0,"2021-10-04 04:02:51",0,"2021-10-04 04:02:51"
21570,898,"Ranged","Augment 2","Red",0,"2021-10-04 04:02:51",0,"2021-10-04 04:02:51"
21580,899,"Ranged","Augment 2","Blue",0,"2021-10-04 04:02:51",0,"2021-10-04 04:02:51"
21590,900,"Ranged","Augment 2","Yellow",0,"2021-10-04 04:02:51",0,"2021-10-04 04:02:51"
21600,901,"Ranged","Augment 2","Colorless",0,"2021-10-04 04:02:51",0,"2021-10-04 04:02:51"
21610,902,"Ranged","Prefix","Seeker",0,"2021-10-04 04:02:51",0,"2021-10-04 04:02:51"
21620,902,"Ranged","Prefix","Damage (Chaos)",0,"2021-10-04 04:02:51",0,"2021-10-04 04:02:51"
21630,902,"Ranged","Prefix","Damage (Evil)",0,"2021-10-04 04:02:51",0,"2021-10-04 04:02:51"
21640,902,"Ranged","Prefix","Damage (Good)",0,"2021-10-04 04:02:51",0,"2021-10-04 04:02:51"
21650,902,"Ranged","Prefix","Damage (Law)",0,"2021-10-04 04:02:51",0,"2021-10-04 04:02:51"
21660,902,"Ranged","Prefix","Ranged Alacrity",0,"2021-10-04 04:02:51",0,"2021-10-04 04:02:51"
21670,902,"Ranged","Prefix","Damage (Acid)",0,"2021-10-04 04:02:51",0,"2021-10-04 04:02:51"
21680,902,"Ranged","Prefix","Damage (Cold)",0,"2021-10-04 04:02:51",0,"2021-10-04 04:02:51"
21690,902,"Ranged","Prefix","Damage (Electricity)",0,"2021-10-04 04:02:51",0,"2021-10-04 04:02:51"
21700,902,"Ranged","Prefix","Damage (Fire)",0,"2021-10-04 04:02:51",0,"2021-10-04 04:02:51"
21710,902,"Ranged","Prefix","Damage (Poison)",0,"2021-10-04 04:02:51",0,"2021-10-04 04:02:51"
21720,902,"Ranged","Prefix","Damage (Sonic)",0,"2021-10-04 04:02:51",0,"2021-10-04 04:02:51"
21730,902,"Ranged","Prefix","Damage (Force)",0,"2021-10-04 04:02:51",0,"2021-10-04 04:02:51"
21740,902,"Ranged","Prefix","Damage (Light)",0,"2021-10-04 04:02:51",0,"2021-10-04 04:02:51"
21750,902,"Ranged","Prefix","Damage (Negative)",0,"2021-10-04 04:02:51",0,"2021-10-04 04:02:51"
21760,902,"Ranged","Prefix","Unbalancing",0,"2021-10-04 04:02:51",0,"2021-10-04 04:02:51"
21770,902,"Ranged","Prefix","Vengeful",0,"2021-10-04 04:02:51",0,"2021-10-04 04:02:51"
21780,902,"Ranged","Prefix","Metalline",0,"2021-10-04 04:02:51",0,"2021-10-04 04:02:51"
21790,902,"Ranged","Prefix","Armor-Piercing",0,"2021-10-04 04:02:51",0,"2021-10-04 04:02:51"
21800,902,"Ranged","Prefix","Ghost Touch",0,"2021-10-04 04:02:51",0,"2021-10-04 04:02:51"
21810,902,"Ranged","Prefix","Skill (Perform)",0,"2021-10-04 04:02:51",0,"2021-10-04 04:02:51"
21820,902,"Ranged","Prefix","Spell Power (Combustion)",0,"2021-10-04 04:02:51",0,"2021-10-04 04:02:51"
21830,902,"Ranged","Prefix","Spell Power (Corrosion)",0,"2021-10-04 04:02:51",0,"2021-10-04 04:02:51"
21840,902,"Ranged","Prefix","Spell Power (Devotion)",0,"2021-10-04 04:02:51",0,"2021-10-04 04:02:51"
21850,902,"Ranged","Prefix","Spell Power (Glaciation)",0,"2021-10-04 04:02:51",0,"2021-10-04 04:02:51"
21860,902,"Ranged","Prefix","Spell Power (Impulse)",0,"2021-10-04 04:02:51",0,"2021-10-04 04:02:51"
21870,902,"Ranged","Prefix","Spell Power (Magnetism)",0,"2021-10-04 04:02:51",0,"2021-10-04 04:02:51"
21880,902,"Ranged","Prefix","Spell Power (Nullification)",0,"2021-10-04 04:02:51",0,"2021-10-04 04:02:51"
21890,902,"Ranged","Prefix","Spell Power (Radiance)",0,"2021-10-04 04:02:51",0,"2021-10-04 04:02:51"
21900,902,"Ranged","Prefix","Spell Power (Reconstruction)",0,"2021-10-04 04:02:51",0,"2021-10-04 04:02:51"
21910,902,"Ranged","Prefix","Spell Power (Resonance)",0,"2021-10-04 04:02:51",0,"2021-10-04 04:02:51"
21920,902,"Ranged","Prefix","Silver Flame",0,"2021-10-04 04:02:51",0,"2021-10-04 04:02:51"
21930,902,"Ranged","Prefix","Sacred",0,"2021-10-04 04:02:51",0,"2021-10-04 04:02:51"
21940,902,"Ranged","Suffix","Assassinate",0,"2021-10-04 04:02:51",0,"2021-10-04 04:02:51"
21950,902,"Ranged","Suffix","Diversion",0,"2021-10-04 04:02:51",0,"2021-10-04 04:02:51"
21960,902,"Ranged","Suffix","Incite",0,"2021-10-04 04:02:51",0,"2021-10-04 04:02:51"
21970,902,"Ranged","Suffix","Tendon Slice",0,"2021-10-04 04:02:51",0,"2021-10-04 04:02:51"
21980,902,"Ranged","Suffix","Deadly",0,"2021-10-04 04:02:51",0,"2021-10-04 04:02:51"
21990,902,"Ranged","Suffix","Damage (Bludgeon)",0,"2021-10-04 04:02:51",0,"2021-10-04 04:02:51"
22000,902,"Ranged","Suffix","Damage (Piercing)",0,"2021-10-04 04:02:51",0,"2021-10-04 04:02:51"
22010,902,"Ranged","Suffix","Damage (Slashing)",0,"2021-10-04 04:02:51",0,"2021-10-04 04:02:51"
22020,902,"Ranged","Suffix","Bane (Aberration)",0,"2021-10-04 04:02:51",0,"2021-10-04 04:02:51"
22030,902,"Ranged","Suffix","Bane (Animal)",0,"2021-10-04 04:02:51",0,"2021-10-04 04:02:51"
22040,902,"Ranged","Suffix","Bane (Chaotic Outsider)",0,"2021-10-04 04:02:51",0,"2021-10-04 04:02:51"
22050,902,"Ranged","Suffix","Bane (Construct)",0,"2021-10-04 04:02:51",0,"2021-10-04 04:02:51"
22060,902,"Ranged","Suffix","Bane (Dragon)",0,"2021-10-04 04:02:51",0,"2021-10-04 04:02:51"
22070,902,"Ranged","Suffix","Bane (Dwarf)",0,"2021-10-04 04:02:51",0,"2021-10-04 04:02:51"
22080,902,"Ranged","Suffix","Bane (Elemental)",0,"2021-10-04 04:02:51",0,"2021-10-04 04:02:51"
22090,902,"Ranged","Suffix","Bane (Elf)",0,"2021-10-04 04:02:51",0,"2021-10-04 04:02:51"
22100,902,"Ranged","Suffix","Bane (Evil Outsider)",0,"2021-10-04 04:02:51",0,"2021-10-04 04:02:51"
22110,902,"Ranged","Suffix","Bane (Giant)",0,"2021-10-04 04:02:51",0,"2021-10-04 04:02:51"
22120,902,"Ranged","Suffix","Bane (Gnoll)",0,"2021-10-04 04:02:51",0,"2021-10-04 04:02:51"
22130,902,"Ranged","Suffix","Bane (Goblinoid)",0,"2021-10-04 04:02:51",0,"2021-10-04 04:02:51"
22140,902,"Ranged","Suffix","Bane (Halfling)",0,"2021-10-04 04:02:51",0,"2021-10-04 04:02:51"
22150,902,"Ranged","Suffix","Bane (Human)",0,"2021-10-04 04:02:51",0,"2021-10-04 04:02:51"
22160,902,"Ranged","Suffix","Bane (Incorporeal)",0,"2021-10-04 04:02:51",0,"2021-10-04 04:02:51"
22170,902,"Ranged","Suffix","Bane (Lawful Outsider)",0,"2021-10-04 04:02:51",0,"2021-10-04 04:02:51"
22180,902,"Ranged","Suffix","Bane (Magical Beast)",0,"2021-10-04 04:02:51",0,"2021-10-04 04:02:51"
22190,902,"Ranged","Suffix","Bane (Monstrous Humanoid)",0,"2021-10-04 04:02:51",0,"2021-10-04 04:02:51"
22200,902,"Ranged","Suffix","Bane (Ooze)",0,"2021-10-04 04:02:51",0,"2021-10-04 04:02:51"
22210,902,"Ranged","Suffix","Bane (Orc)",0,"2021-10-04 04:02:51",0,"2021-10-04 04:02:51"
22220,902,"Ranged","Suffix","Bane (Plant)",0,"2021-10-04 04:02:51",0,"2021-10-04 04:02:51"
22230,902,"Ranged","Suffix","Bane (Reptilian)",0,"2021-10-04 04:02:51",0,"2021-10-04 04:02:51"
22240,902,"Ranged","Suffix","Bane (Undead)",0,"2021-10-04 04:02:51",0,"2021-10-04 04:02:51"
22250,902,"Ranged","Suffix","Bane (Unnatural)",0,"2021-10-04 04:02:51",0,"2021-10-04 04:02:51"
22260,902,"Ranged","Suffix","Bane (Vermin)",0,"2021-10-04 04:02:51",0,"2021-10-04 04:02:51"
22270,902,"Ranged","Suffix","Doubleshot",0,"2021-10-04 04:02:51",0,"2021-10-04 04:02:51"
22280,902,"Ranged","Suffix","Aligned",0,"2021-10-04 04:02:51",0,"2021-10-04 04:02:51"
22290,902,"Ranged","Suffix","Keen",0,"2021-10-04 04:02:51",0,"2021-10-04 04:02:51"
22300,902,"Ranged","Suffix","Everbright",0,"2021-10-04 04:02:51",0,"2021-10-04 04:02:51"
22310,902,"Ranged","Suffix","Spell Lore (Acid)",0,"2021-10-04 04:02:51",0,"2021-10-04 04:02:51"
22320,902,"Ranged","Suffix","Spell Lore (Fire)",0,"2021-10-04 04:02:51",0,"2021-10-04 04:02:51"
22330,902,"Ranged","Suffix","Spell Lore (Healing)",0,"2021-10-04 04:02:51",0,"2021-10-04 04:02:51"
22340,902,"Ranged","Suffix","Spell Lore (Ice)",0,"2021-10-04 04:02:51",0,"2021-10-04 04:02:51"
22350,902,"Ranged","Suffix","Spell Lore (Laceration)",0,"2021-10-04 04:02:51",0,"2021-10-04 04:02:51"
22360,902,"Ranged","Suffix","Spell Lore (Lightning)",0,"2021-10-04 04:02:51",0,"2021-10-04 04:02:51"
22370,902,"Ranged","Suffix","Spell Lore (Radiance)",0,"2021-10-04 04:02:51",0,"2021-10-04 04:02:51"
22380,902,"Ranged","Suffix","Spell Lore (Repair)",0,"2021-10-04 04:02:51",0,"2021-10-04 04:02:51"
22390,902,"Ranged","Suffix","Spell Lore (Sonic)",0,"2021-10-04 04:02:51",0,"2021-10-04 04:02:51"
22400,902,"Ranged","Suffix","Spell Lore (Void Lore)",0,"2021-10-04 04:02:51",0,"2021-10-04 04:02:51"
22410,902,"Ranged","Suffix","Insightful Spell Power (Combustion)",0,"2021-10-04 04:02:51",0,"2021-10-04 04:02:51"
22420,902,"Ranged","Suffix","Insightful Spell Power (Corrosion)",0,"2021-10-04 04:02:51",0,"2021-10-04 04:02:51"
22430,902,"Ranged","Suffix","Insightful Spell Power (Devotion)",0,"2021-10-04 04:02:51",0,"2021-10-04 04:02:51"
22440,902,"Ranged","Suffix","Insightful Spell Power (Glaciation)",0,"2021-10-04 04:02:51",0,"2021-10-04 04:02:51"
22450,902,"Ranged","Suffix","Insightful Spell Power (Impulse)",0,"2021-10-04 04:02:51",0,"2021-10-04 04:02:51"
22460,902,"Ranged","Suffix","Insightful Spell Power (Magnetism)",0,"2021-10-04 04:02:51",0,"2021-10-04 04:02:51"
22470,902,"Ranged","Suffix","Insightful Spell Power (Nullification)",0,"2021-10-04 04:02:52",0,"2021-10-04 04:02:52"
22480,902,"Ranged","Suffix","Insightful Spell Power (Radiance)",0,"2021-10-04 04:02:52",0,"2021-10-04 04:02:52"
22490,902,"Ranged","Suffix","Insightful Spell Power (Reconstruction)",0,"2021-10-04 04:02:52",0,"2021-10-04 04:02:52"
22500,902,"Ranged","Suffix","Insightful Spell Power (Resonance)",0,"2021-10-04 04:02:52",0,"2021-10-04 04:02:52"
22510,902,"Ranged","Suffix","Eternal Faith",0,"2021-10-04 04:02:52",0,"2021-10-04 04:02:52"
22520,927,"Ranged","Extra","Ability Damage (Charisma)",0,"2021-10-04 04:02:52",0,"2021-10-04 04:02:52"
22530,927,"Ranged","Extra","Ability Damage (Constitution)",0,"2021-10-04 04:02:52",0,"2021-10-04 04:02:52"
22540,927,"Ranged","Extra","Ability Damage (Dexterity)",0,"2021-10-04 04:02:52",0,"2021-10-04 04:02:52"
22550,927,"Ranged","Extra","Ability Damage (Intelligence)",0,"2021-10-04 04:02:52",0,"2021-10-04 04:02:52"
22560,927,"Ranged","Extra","Ability Damage (Strength)",0,"2021-10-04 04:02:52",0,"2021-10-04 04:02:52"
22570,927,"Ranged","Extra","Ability Damage (Wisdom)",0,"2021-10-04 04:02:52",0,"2021-10-04 04:02:52"
22580,927,"Ranged","Extra","Insightful Assassinate",0,"2021-10-04 04:02:52",0,"2021-10-04 04:02:52"
22590,927,"Ranged","Extra","Tendon Slice",0,"2021-10-04 04:02:52",0,"2021-10-04 04:02:52"
22600,927,"Ranged","Extra","Insightful Deadly",0,"2021-10-04 04:02:52",0,"2021-10-04 04:02:52"
22610,927,"Ranged","Extra","Vampirism",0,"2021-10-04 04:02:52",0,"2021-10-04 04:02:52"
22620,927,"Ranged","Extra","Seeker",0,"2021-10-04 04:02:52",0,"2021-10-04 04:02:52"
22690,960,"Rune Arm","Prefix","Lesser Arcane Spell Dexterity",0,"2021-10-04 04:02:52",0,"2021-10-04 04:02:52"
22700,960,"Rune Arm","Prefix","Melee Alacrity",0,"2021-10-04 04:02:52",0,"2021-10-04 04:02:52"
22710,960,"Rune Arm","Prefix","Ranged Alacrity",0,"2021-10-04 04:02:52",0,"2021-10-04 04:02:52"
22720,960,"Rune Arm","Prefix","Absorption (Acid)",0,"2021-10-04 04:02:52",0,"2021-10-04 04:02:52"
22730,960,"Rune Arm","Prefix","Absorption (Cold)",0,"2021-10-04 04:02:52",0,"2021-10-04 04:02:52"
22740,960,"Rune Arm","Prefix","Absorption (Electricity)",0,"2021-10-04 04:02:52",0,"2021-10-04 04:02:52"
22750,960,"Rune Arm","Prefix","Absorption (Fire)",0,"2021-10-04 04:02:52",0,"2021-10-04 04:02:52"
22760,960,"Rune Arm","Prefix","Absorption (Sonic)",0,"2021-10-04 04:02:52",0,"2021-10-04 04:02:52"
22770,960,"Rune Arm","Prefix","Blindness Immunity",0,"2021-10-04 04:02:52",0,"2021-10-04 04:02:52"
22780,960,"Rune Arm","Prefix","Disease Ward",0,"2021-10-04 04:02:52",0,"2021-10-04 04:02:52"
22790,960,"Rune Arm","Prefix","Poison Ward",0,"2021-10-04 04:02:52",0,"2021-10-04 04:02:52"
22800,960,"Rune Arm","Prefix","Illusion Resistance",0,"2021-10-04 04:02:52",0,"2021-10-04 04:02:52"
22810,960,"Rune Arm","Prefix","Enchantment Resistance",0,"2021-10-04 04:02:52",0,"2021-10-04 04:02:52"
22820,960,"Rune Arm","Prefix","Fortitude",0,"2021-10-04 04:02:52",0,"2021-10-04 04:02:52"
22830,960,"Rune Arm","Prefix","Reflex",0,"2021-10-04 04:02:52",0,"2021-10-04 04:02:52"
22840,960,"Rune Arm","Prefix","Spell Saves",0,"2021-10-04 04:02:52",0,"2021-10-04 04:02:52"
22850,960,"Rune Arm","Prefix","Will",0,"2021-10-04 04:02:52",0,"2021-10-04 04:02:52"
22860,960,"Rune Arm","Prefix","Persuasion",0,"2021-10-04 04:02:52",0,"2021-10-04 04:02:52"
22870,960,"Rune Arm","Prefix","Skill (Balance)",0,"2021-10-04 04:02:52",0,"2021-10-04 04:02:52"
22880,960,"Rune Arm","Prefix","Skill (Bluff)",0,"2021-10-04 04:02:52",0,"2021-10-04 04:02:52"
22890,960,"Rune Arm","Prefix","Skill (Concentration)",0,"2021-10-04 04:02:52",0,"2021-10-04 04:02:52"
22900,960,"Rune Arm","Prefix","Skill (Diplomacy)",0,"2021-10-04 04:02:52",0,"2021-10-04 04:02:52"
22910,960,"Rune Arm","Prefix","Skill (Disable Device)",0,"2021-10-04 04:02:52",0,"2021-10-04 04:02:52"
22920,960,"Rune Arm","Prefix","Skill (Haggle)",0,"2021-10-04 04:02:52",0,"2021-10-04 04:02:52"
22930,960,"Rune Arm","Prefix","Skill (Heal)",0,"2021-10-04 04:02:52",0,"2021-10-04 04:02:52"
22940,960,"Rune Arm","Prefix","Skill (Hide)",0,"2021-10-04 04:02:52",0,"2021-10-04 04:02:52"
22950,960,"Rune Arm","Prefix","Skill (Intimidate)",0,"2021-10-04 04:02:52",0,"2021-10-04 04:02:52"
22960,960,"Rune Arm","Prefix","Skill (Listen)",0,"2021-10-04 04:02:52",0,"2021-10-04 04:02:52"
22970,960,"Rune Arm","Prefix","Skill (Move Silently)",0,"2021-10-04 04:02:52",0,"2021-10-04 04:02:52"
22980,960,"Rune Arm","Prefix","Skill (Open Lock)",0,"2021-10-04 04:02:52",0,"2021-10-04 04:02:52"
22990,960,"Rune Arm","Prefix","Skill (Perform)",0,"2021-10-04 04:02:52",0,"2021-10-04 04:02:52"
23000,960,"Rune Arm","Prefix","Skill (Repair)",0,"2021-10-04 04:02:52",0,"2021-10-04 04:02:52"
23010,960,"Rune Arm","Prefix","Skill (Search)",0,"2021-10-04 04:02:52",0,"2021-10-04 04:02:52"
23020,960,"Rune Arm","Prefix","Spellsight",0,"2021-10-04 04:02:52",0,"2021-10-04 04:02:52"
23030,960,"Rune Arm","Prefix","Skill (Tumble)",0,"2021-10-04 04:02:52",0,"2021-10-04 04:02:52"
23040,960,"Rune Arm","Prefix","Spell Lore (Acid)",0,"2021-10-04 04:02:52",0,"2021-10-04 04:02:52"
23050,960,"Rune Arm","Prefix","Spell Lore (Fire)",0,"2021-10-04 04:02:52",0,"2021-10-04 04:02:52"
23060,960,"Rune Arm","Prefix","Spell Lore (Healing)",0,"2021-10-04 04:02:52",0,"2021-10-04 04:02:52"
23070,960,"Rune Arm","Prefix","Spell Lore (Ice)",0,"2021-10-04 04:02:52",0,"2021-10-04 04:02:52"
23080,960,"Rune Arm","Prefix","Spell Lore (Laceration)",0,"2021-10-04 04:02:52",0,"2021-10-04 04:02:52"
23090,960,"Rune Arm","Prefix","Spell Lore (Lightning)",0,"2021-10-04 04:02:52",0,"2021-10-04 04:02:52"
23100,960,"Rune Arm","Prefix","Spell Lore (Radiance)",0,"2021-10-04 04:02:52",0,"2021-10-04 04:02:52"
23110,960,"Rune Arm","Prefix","Spell Lore (Repair)",0,"2021-10-04 04:02:52",0,"2021-10-04 04:02:52"
23120,960,"Rune Arm","Prefix","Spell Lore (Sonic)",0,"2021-10-04 04:02:52",0,"2021-10-04 04:02:52"
23130,960,"Rune Arm","Prefix","Spell Lore (Void Lore)",0,"2021-10-04 04:02:52",0,"2021-10-04 04:02:52"
23140,960,"Rune Arm","Prefix","Spell Focus (Abjuration)",0,"2021-10-04 04:02:52",0,"2021-10-04 04:02:52"
23150,960,"Rune Arm","Prefix","Spell Focus (Conjuration)",0,"2021-10-04 04:02:52",0,"2021-10-04 04:02:52"
23160,960,"Rune Arm","Prefix","Spell Focus (Divination)",0,"2021-10-04 04:02:52",0,"2021-10-04 04:02:52"
23170,960,"Rune Arm","Prefix","Spell Focus (Enchantment)",0,"2021-10-04 04:02:52",0,"2021-10-04 04:02:52"
23180,960,"Rune Arm","Prefix","Spell Focus (Evocation)",0,"2021-10-04 04:02:52",0,"2021-10-04 04:02:52"
23190,960,"Rune Arm","Prefix","Spell Focus (Illusion)",0,"2021-10-04 04:02:52",0,"2021-10-04 04:02:52"
23200,960,"Rune Arm","Prefix","Spell Focus (Necromancy)",0,"2021-10-04 04:02:52",0,"2021-10-04 04:02:52"
23210,960,"Rune Arm","Prefix","Spell Focus (Transmutation)",0,"2021-10-04 04:02:52",0,"2021-10-04 04:02:52"
23220,960,"Rune Arm","Prefix","Spell Penetration",0,"2021-10-04 04:02:52",0,"2021-10-04 04:02:52"
23230,960,"Rune Arm","Prefix","Silver Flame",0,"2021-10-04 04:02:52",0,"2021-10-04 04:02:52"
23240,960,"Rune Arm","Suffix","Natural Armor",0,"2021-10-04 04:02:52",0,"2021-10-04 04:02:52"
23250,960,"Rune Arm","Suffix","False Life",0,"2021-10-04 04:02:52",0,"2021-10-04 04:02:52"
23260,960,"Rune Arm","Suffix","Insightful Spell Focus (Abjuration)",0,"2021-10-04 04:02:52",0,"2021-10-04 04:02:52"
23270,960,"Rune Arm","Suffix","Insightful Spell Focus (Conjuration)",0,"2021-10-04 04:02:52",0,"2021-10-04 04:02:52"
23280,960,"Rune Arm","Suffix","Insightful Spell Focus (Divination)",0,"2021-10-04 04:02:52",0,"2021-10-04 04:02:52"
23290,960,"Rune Arm","Suffix","Insightful Spell Focus (Enchantment)",0,"2021-10-04 04:02:52",0,"2021-10-04 04:02:52"
23300,960,"Rune Arm","Suffix","Insightful Spell Focus (Evocation)",0,"2021-10-04 04:02:52",0,"2021-10-04 04:02:52"
23310,960,"Rune Arm","Suffix","Insightful Spell Focus (Illusion)",0,"2021-10-04 04:02:52",0,"2021-10-04 04:02:52"
23320,960,"Rune Arm","Suffix","Insightful Spell Focus (Necromancy)",0,"2021-10-04 04:02:52",0,"2021-10-04 04:02:52"
23330,960,"Rune Arm","Suffix","Insightful Spell Focus (Transmutation)",0,"2021-10-04 04:02:52",0,"2021-10-04 04:02:52"
23340,960,"Rune Arm","Suffix","Spell Power (Combustion)",0,"2021-10-04 04:02:52",0,"2021-10-04 04:02:52"
23350,960,"Rune Arm","Suffix","Spell Power (Corrosion)",0,"2021-10-04 04:02:52",0,"2021-10-04 04:02:52"
23360,960,"Rune Arm","Suffix","Spell Power (Devotion)",0,"2021-10-04 04:02:52",0,"2021-10-04 04:02:52"
23370,960,"Rune Arm","Suffix","Spell Power (Glaciation)",0,"2021-10-04 04:02:52",0,"2021-10-04 04:02:52"
23380,960,"Rune Arm","Suffix","Spell Power (Impulse)",0,"2021-10-04 04:02:52",0,"2021-10-04 04:02:52"
23390,960,"Rune Arm","Suffix","Spell Power (Magnetism)",0,"2021-10-04 04:02:52",0,"2021-10-04 04:02:52"
23400,960,"Rune Arm","Suffix","Spell Power (Nullification)",0,"2021-10-04 04:02:52",0,"2021-10-04 04:02:52"
23410,960,"Rune Arm","Suffix","Spell Power (Radiance)",0,"2021-10-04 04:02:52",0,"2021-10-04 04:02:52"
23420,960,"Rune Arm","Suffix","Spell Power (Reconstruction)",0,"2021-10-04 04:02:52",0,"2021-10-04 04:02:52"
23430,960,"Rune Arm","Suffix","Spell Power (Resonance)",0,"2021-10-04 04:02:52",0,"2021-10-04 04:02:52"
23440,960,"Rune Arm","Suffix","Eternal Faith",0,"2021-10-04 04:02:52",0,"2021-10-04 04:02:52"
23450,991,"Rune Arm","Extra","Insightful Skill (Balance)",0,"2021-10-04 04:02:52",0,"2021-10-04 04:02:52"
23460,991,"Rune Arm","Extra","Insightful Skill (Bluff)",0,"2021-10-04 04:02:52",0,"2021-10-04 04:02:52"
23470,991,"Rune Arm","Extra","Insightful Skill (Concentration)",0,"2021-10-04 04:02:52",0,"2021-10-04 04:02:52"
23480,991,"Rune Arm","Extra","Insightful Skill (Diplomacy)",0,"2021-10-04 04:02:52",0,"2021-10-04 04:02:52"
23490,991,"Rune Arm","Extra","Insightful Skill (Disable Device)",0,"2021-10-04 04:02:52",0,"2021-10-04 04:02:52"
23500,991,"Rune Arm","Extra","Insightful Skill (Haggle)",0,"2021-10-04 04:02:52",0,"2021-10-04 04:02:52"
23510,991,"Rune Arm","Extra","Insightful Skill (Heal)",0,"2021-10-04 04:02:52",0,"2021-10-04 04:02:52"
23520,991,"Rune Arm","Extra","Insightful Skill (Hide)",0,"2021-10-04 04:02:52",0,"2021-10-04 04:02:52"
23530,991,"Rune Arm","Extra","Insightful Skill (Intimidate)",0,"2021-10-04 04:02:52",0,"2021-10-04 04:02:52"
23540,991,"Rune Arm","Extra","Insightful Skill (Jump)",0,"2021-10-04 04:02:52",0,"2021-10-04 04:02:52"
23550,991,"Rune Arm","Extra","Insightful Skill (Listen)",0,"2021-10-04 04:02:52",0,"2021-10-04 04:02:52"
23560,991,"Rune Arm","Extra","Insightful Skill (Move Silently)",0,"2021-10-04 04:02:52",0,"2021-10-04 04:02:52"
23570,991,"Rune Arm","Extra","Insightful Skill (Open Lock)",0,"2021-10-04 04:02:52",0,"2021-10-04 04:02:52"
23580,991,"Rune Arm","Extra","Insightful Skill (Perform)",0,"2021-10-04 04:02:52",0,"2021-10-04 04:02:52"
23590,991,"Rune Arm","Extra","Insightful Skill (Repair)",0,"2021-10-04 04:02:52",0,"2021-10-04 04:02:52"
23600,991,"Rune Arm","Extra","Insightful Spellsight",0,"2021-10-04 04:02:52",0,"2021-10-04 04:02:52"
23610,991,"Rune Arm","Extra","Insightful Skill (Search)",0,"2021-10-04 04:02:52",0,"2021-10-04 04:02:52"
23620,991,"Rune Arm","Extra","Insightful Skill (Spot)",0,"2021-10-04 04:02:52",0,"2021-10-04 04:02:52"
23630,991,"Rune Arm","Extra","Insightful Skill (Swim)",0,"2021-10-04 04:02:52",0,"2021-10-04 04:02:52"
23640,991,"Rune Arm","Extra","Insightful Skill (Tumble)",0,"2021-10-04 04:02:52",0,"2021-10-04 04:02:52"
23650,991,"Rune Arm","Extra","Efficient Metamagic (Empower Healing)",0,"2021-10-04 04:02:52",0,"2021-10-04 04:02:52"
23660,991,"Rune Arm","Extra","Efficient Metamagic (Empower)",0,"2021-10-04 04:02:52",0,"2021-10-04 04:02:52"
23670,991,"Rune Arm","Extra","Efficient Metamagic (Enlarge)",0,"2021-10-04 04:02:52",0,"2021-10-04 04:02:52"
23680,991,"Rune Arm","Extra","Efficient Metamagic (Extend)",0,"2021-10-04 04:02:52",0,"2021-10-04 04:02:52"
23690,991,"Rune Arm","Extra","Efficient Metamagic (Maximize)",0,"2021-10-04 04:02:52",0,"2021-10-04 04:02:52"
23700,991,"Rune Arm","Extra","Insightful Spell Power (Combustion)",0,"2021-10-04 04:02:52",0,"2021-10-04 04:02:52"
23710,991,"Rune Arm","Extra","Insightful Spell Power (Corrosion)",0,"2021-10-04 04:02:52",0,"2021-10-04 04:02:52"
23720,991,"Rune Arm","Extra","Insightful Spell Power (Devotion)",0,"2021-10-04 04:02:52",0,"2021-10-04 04:02:52"
23730,991,"Rune Arm","Extra","Insightful Spell Power (Glaciation)",0,"2021-10-04 04:02:52",0,"2021-10-04 04:02:52"
23740,991,"Rune Arm","Extra","Insightful Spell Power (Impulse)",0,"2021-10-04 04:02:52",0,"2021-10-04 04:02:52"
23750,991,"Rune Arm","Extra","Insightful Spell Power (Magnetism)",0,"2021-10-04 04:02:52",0,"2021-10-04 04:02:52"
23760,991,"Rune Arm","Extra","Insightful Spell Power (Nullification)",0,"2021-10-04 04:02:52",0,"2021-10-04 04:02:52"
23770,991,"Rune Arm","Extra","Insightful Spell Power (Radiance)",0,"2021-10-04 04:02:52",0,"2021-10-04 04:02:52"
23780,991,"Rune Arm","Extra","Insightful Spell Power (Reconstruction)",0,"2021-10-04 04:02:52",0,"2021-10-04 04:02:52"
23790,991,"Rune Arm","Extra","Insightful Spell Power (Resonance)",0,"2021-10-04 04:02:52",0,"2021-10-04 04:02:52"
23800,991,"Rune Arm","Extra","Insightful Spell Penetration",0,"2021-10-04 04:02:52",0,"2021-10-04 04:02:52"
23810,1024,"Orb","Augment 1","Red",0,"2021-10-04 04:02:52",0,"2021-10-04 04:02:52"
23820,1025,"Orb","Augment 1","Colorless",0,"2021-10-04 04:02:52",0,"2021-10-04 04:02:52"
23830,1026,"Orb","Augment 2","Red",0,"2021-10-04 04:02:52",0,"2021-10-04 04:02:52"
23840,1027,"Orb","Augment 2","Blue",0,"2021-10-04 04:02:52",0,"2021-10-04 04:02:52"
23850,1028,"Orb","Augment 2","Yellow",0,"2021-10-04 04:02:52",0,"2021-10-04 04:02:52"
23860,1029,"Orb","Augment 2","Colorless",0,"2021-10-04 04:02:52",0,"2021-10-04 04:02:52"
23870,1030,"Orb","Prefix","Combat Mastery",0,"2021-10-04 04:02:52",0,"2021-10-04 04:02:52"
23880,1030,"Orb","Prefix","Absorption (Acid)",0,"2021-10-04 04:02:52",0,"2021-10-04 04:02:52"
23890,1030,"Orb","Prefix","Absorption (Cold)",0,"2021-10-04 04:02:52",0,"2021-10-04 04:02:52"
23900,1030,"Orb","Prefix","Absorption (Electricity)",0,"2021-10-04 04:02:52",0,"2021-10-04 04:02:52"
23910,1030,"Orb","Prefix","Absorption (Fire)",0,"2021-10-04 04:02:52",0,"2021-10-04 04:02:52"
23920,1030,"Orb","Prefix","Absorption (Sonic)",0,"2021-10-04 04:02:52",0,"2021-10-04 04:02:52"
23930,1030,"Orb","Prefix","Fortification",0,"2021-10-04 04:02:52",0,"2021-10-04 04:02:52"
23940,1030,"Orb","Prefix","Spell Resistance",0,"2021-10-04 04:02:52",0,"2021-10-04 04:02:52"
23950,1030,"Orb","Prefix","Skill (Perform)",0,"2021-10-04 04:02:52",0,"2021-10-04 04:02:52"
23960,1030,"Orb","Prefix","Spell Focus (Abjuration)",0,"2021-10-04 04:02:52",0,"2021-10-04 04:02:52"
23970,1030,"Orb","Prefix","Spell Focus (Conjuration)",0,"2021-10-04 04:02:52",0,"2021-10-04 04:02:52"
23980,1030,"Orb","Prefix","Spell Focus (Divination)",0,"2021-10-04 04:02:52",0,"2021-10-04 04:02:52"
23990,1030,"Orb","Prefix","Spell Focus (Enchantment)",0,"2021-10-04 04:02:52",0,"2021-10-04 04:02:52"
24000,1030,"Orb","Prefix","Spell Focus (Evocation)",0,"2021-10-04 04:02:52",0,"2021-10-04 04:02:52"
24010,1030,"Orb","Prefix","Spell Focus (Illusion)",0,"2021-10-04 04:02:52",0,"2021-10-04 04:02:52"
24020,1030,"Orb","Prefix","Spell Focus (Necromancy)",0,"2021-10-04 04:02:52",0,"2021-10-04 04:02:52"
24030,1030,"Orb","Prefix","Spell Focus (Transmutation)",0,"2021-10-04 04:02:52",0,"2021-10-04 04:02:52"
24040,1030,"Orb","Prefix","Spell Power (Combustion)",0,"2021-10-04 04:02:52",0,"2021-10-04 04:02:52"
24050,1030,"Orb","Prefix","Spell Power (Corrosion)",0,"2021-10-04 04:02:52",0,"2021-10-04 04:02:52"
24060,1030,"Orb","Prefix","Spell Power (Devotion)",0,"2021-10-04 04:02:52",0,"2021-10-04 04:02:52"
24070,1030,"Orb","Prefix","Spell Power (Glaciation)",0,"2021-10-04 04:02:52",0,"2021-10-04 04:02:52"
24080,1030,"Orb","Prefix","Spell Power (Impulse)",0,"2021-10-04 04:02:52",0,"2021-10-04 04:02:52"
24090,1030,"Orb","Prefix","Spell Power (Magnetism)",0,"2021-10-04 04:02:52",0,"2021-10-04 04:02:52"
24100,1030,"Orb","Prefix","Spell Power (Nullification)",0,"2021-10-04 04:02:52",0,"2021-10-04 04:02:52"
24110,1030,"Orb","Prefix","Spell Power (Radiance)",0,"2021-10-04 04:02:52",0,"2021-10-04 04:02:52"
24120,1030,"Orb","Prefix","Spell Power (Reconstruction)",0,"2021-10-04 04:02:52",0,"2021-10-04 04:02:52"
24130,1030,"Orb","Prefix","Spell Power (Resonance)",0,"2021-10-04 04:02:52",0,"2021-10-04 04:02:52"
24140,1030,"Orb","Prefix","Silver Flame",0,"2021-10-04 04:02:52",0,"2021-10-04 04:02:52"
24150,1030,"Orb","Prefix","Sacred",0,"2021-10-04 04:02:52",0,"2021-10-04 04:02:52"
24160,1030,"Orb","Suffix","Insightful Combat Mastery",0,"2021-10-04 04:02:52",0,"2021-10-04 04:02:52"
24170,1030,"Orb","Suffix","Bashing",0,"2021-10-04 04:02:52",0,"2021-10-04 04:02:52"
24180,1030,"Orb","Suffix","Shield Bashing",0,"2021-10-04 04:02:52",0,"2021-10-04 04:02:52"
24190,1030,"Orb","Suffix","Shield Spikes",0,"2021-10-04 04:02:52",0,"2021-10-04 04:02:52"
24200,1030,"Orb","Suffix","Sheltering",0,"2021-10-04 04:02:52",0,"2021-10-04 04:02:52"
24210,1030,"Orb","Suffix","Resist (Acid)",0,"2021-10-04 04:02:52",0,"2021-10-04 04:02:52"
24220,1030,"Orb","Suffix","Resist (Cold)",0,"2021-10-04 04:02:52",0,"2021-10-04 04:02:52"
24230,1030,"Orb","Suffix","Resist (Electric)",0,"2021-10-04 04:02:52",0,"2021-10-04 04:02:52"
24240,1030,"Orb","Suffix","Resist (Fire)",0,"2021-10-04 04:02:52",0,"2021-10-04 04:02:52"
24250,1030,"Orb","Suffix","Resist (Poison)",0,"2021-10-04 04:02:53",0,"2021-10-04 04:02:53"
24260,1030,"Orb","Suffix","Resist (Sonic)",0,"2021-10-04 04:02:53",0,"2021-10-04 04:02:53"
24270,1030,"Orb","Suffix","Resist (Light)",0,"2021-10-04 04:02:53",0,"2021-10-04 04:02:53"
24280,1030,"Orb","Suffix","Resist (Negative)",0,"2021-10-04 04:02:53",0,"2021-10-04 04:02:53"
24290,1030,"Orb","Suffix","Guard (Acid)",0,"2021-10-04 04:02:53",0,"2021-10-04 04:02:53"
24300,1030,"Orb","Suffix","Guard (Fire)",0,"2021-10-04 04:02:53",0,"2021-10-04 04:02:53"
24310,1030,"Orb","Suffix","Guard (Ice)",0,"2021-10-04 04:02:53",0,"2021-10-04 04:02:53"
24320,1030,"Orb","Suffix","Guard (Lightning)",0,"2021-10-04 04:02:53",0,"2021-10-04 04:02:53"
24330,1030,"Orb","Suffix","Guard (Sonic)",0,"2021-10-04 04:02:53",0,"2021-10-04 04:02:53"
24340,1030,"Orb","Suffix","False Life",0,"2021-10-04 04:02:53",0,"2021-10-04 04:02:53"
24350,1030,"Orb","Suffix","Deathblock",0,"2021-10-04 04:02:53",0,"2021-10-04 04:02:53"
24360,1030,"Orb","Suffix","Skill (Intimidate)",0,"2021-10-04 04:02:53",0,"2021-10-04 04:02:53"
24370,1030,"Orb","Suffix","Skill (Move Silently)",0,"2021-10-04 04:02:53",0,"2021-10-04 04:02:53"
24380,1030,"Orb","Suffix","Spell Lore (Acid)",0,"2021-10-04 04:02:53",0,"2021-10-04 04:02:53"
24390,1030,"Orb","Suffix","Spell Lore (Fire)",0,"2021-10-04 04:02:53",0,"2021-10-04 04:02:53"
24400,1030,"Orb","Suffix","Spell Lore (Healing)",0,"2021-10-04 04:02:53",0,"2021-10-04 04:02:53"
24410,1030,"Orb","Suffix","Spell Lore (Ice)",0,"2021-10-04 04:02:53",0,"2021-10-04 04:02:53"
24420,1030,"Orb","Suffix","Spell Lore (Laceration)",0,"2021-10-04 04:02:53",0,"2021-10-04 04:02:53"
24430,1030,"Orb","Suffix","Spell Lore (Lightning)",0,"2021-10-04 04:02:53",0,"2021-10-04 04:02:53"
24440,1030,"Orb","Suffix","Spell Lore (Radiance)",0,"2021-10-04 04:02:53",0,"2021-10-04 04:02:53"
24450,1030,"Orb","Suffix","Spell Lore (Repair)",0,"2021-10-04 04:02:53",0,"2021-10-04 04:02:53"
24460,1030,"Orb","Suffix","Spell Lore (Sonic)",0,"2021-10-04 04:02:53",0,"2021-10-04 04:02:53"
24470,1030,"Orb","Suffix","Spell Lore (Void Lore)",0,"2021-10-04 04:02:53",0,"2021-10-04 04:02:53"
24480,1030,"Orb","Suffix","Insightful Spell Focus (Abjuration)",0,"2021-10-04 04:02:53",0,"2021-10-04 04:02:53"
24490,1030,"Orb","Suffix","Insightful Spell Focus (Conjuration)",0,"2021-10-04 04:02:53",0,"2021-10-04 04:02:53"
24500,1030,"Orb","Suffix","Insightful Spell Focus (Divination)",0,"2021-10-04 04:02:53",0,"2021-10-04 04:02:53"
24510,1030,"Orb","Suffix","Insightful Spell Focus (Enchantment)",0,"2021-10-04 04:02:53",0,"2021-10-04 04:02:53"
24520,1030,"Orb","Suffix","Insightful Spell Focus (Evocation)",0,"2021-10-04 04:02:53",0,"2021-10-04 04:02:53"
24530,1030,"Orb","Suffix","Insightful Spell Focus (Illusion)",0,"2021-10-04 04:02:53",0,"2021-10-04 04:02:53"
24540,1030,"Orb","Suffix","Insightful Spell Focus (Necromancy)",0,"2021-10-04 04:02:53",0,"2021-10-04 04:02:53"
24550,1030,"Orb","Suffix","Insightful Spell Focus (Transmutation)",0,"2021-10-04 04:02:53",0,"2021-10-04 04:02:53"
24560,1030,"Orb","Suffix","Wizardry",0,"2021-10-04 04:02:53",0,"2021-10-04 04:02:53"
24570,1030,"Orb","Suffix","Insightful Spell Power (Combustion)",0,"2021-10-04 04:02:53",0,"2021-10-04 04:02:53"
24580,1030,"Orb","Suffix","Insightful Spell Power (Corrosion)",0,"2021-10-04 04:02:53",0,"2021-10-04 04:02:53"
24590,1030,"Orb","Suffix","Insightful Spell Power (Devotion)",0,"2021-10-04 04:02:53",0,"2021-10-04 04:02:53"
24600,1030,"Orb","Suffix","Insightful Spell Power (Glaciation)",0,"2021-10-04 04:02:53",0,"2021-10-04 04:02:53"
24610,1030,"Orb","Suffix","Insightful Spell Power (Impulse)",0,"2021-10-04 04:02:53",0,"2021-10-04 04:02:53"
24620,1030,"Orb","Suffix","Insightful Spell Power (Magnetism)",0,"2021-10-04 04:02:53",0,"2021-10-04 04:02:53"
24630,1030,"Orb","Suffix","Insightful Spell Power (Nullification)",0,"2021-10-04 04:02:53",0,"2021-10-04 04:02:53"
24640,1030,"Orb","Suffix","Insightful Spell Power (Radiance)",0,"2021-10-04 04:02:53",0,"2021-10-04 04:02:53"
24650,1030,"Orb","Suffix","Insightful Spell Power (Reconstruction)",0,"2021-10-04 04:02:53",0,"2021-10-04 04:02:53"
24660,1030,"Orb","Suffix","Insightful Spell Power (Resonance)",0,"2021-10-04 04:02:53",0,"2021-10-04 04:02:53"
24670,1030,"Orb","Suffix","Eternal Faith",0,"2021-10-04 04:02:53",0,"2021-10-04 04:02:53"
24680,1055,"Orb","Extra","Insightful Deadly",0,"2021-10-04 04:02:53",0,"2021-10-04 04:02:53"
24690,1055,"Orb","Extra","Insightful Resist (Acid)",0,"2021-10-04 04:02:53",0,"2021-10-04 04:02:53"
24700,1055,"Orb","Extra","Insightful Resist (Cold)",0,"2021-10-04 04:02:53",0,"2021-10-04 04:02:53"
24710,1055,"Orb","Extra","Insightful Resist (Electric)",0,"2021-10-04 04:02:53",0,"2021-10-04 04:02:53"
24720,1055,"Orb","Extra","Insightful Resist (Fire)",0,"2021-10-04 04:02:53",0,"2021-10-04 04:02:53"
24730,1055,"Orb","Extra","Insightful Resist (Poison)",0,"2021-10-04 04:02:53",0,"2021-10-04 04:02:53"
24740,1055,"Orb","Extra","Insightful Resist (Sonic)",0,"2021-10-04 04:02:53",0,"2021-10-04 04:02:53"
24750,1055,"Orb","Extra","Insightful Resist (Light)",0,"2021-10-04 04:02:53",0,"2021-10-04 04:02:53"
24760,1055,"Orb","Extra","Insightful Resist (Negative)",0,"2021-10-04 04:02:53",0,"2021-10-04 04:02:53"
24770,1055,"Orb","Extra","Parrying",0,"2021-10-04 04:02:53",0,"2021-10-04 04:02:53"
24780,1055,"Orb","Extra","Insightful Skill (Balance)",0,"2021-10-04 04:02:53",0,"2021-10-04 04:02:53"
24790,1055,"Orb","Extra","Insightful Skill (Intimidate)",0,"2021-10-04 04:02:53",0,"2021-10-04 04:02:53"
24800,1055,"Orb","Extra","Insightful Skill (Move Silently)",0,"2021-10-04 04:02:53",0,"2021-10-04 04:02:53"
24810,10000,"Augment","Red","Damage (Acid)",0,"2021-10-04 04:02:53",0,"2021-10-04 04:02:53"
24820,10000,"Augment","Red","Damage (Cold)",0,"2021-10-04 04:02:53",0,"2021-10-04 04:02:53"
24830,10000,"Augment","Red","Damage (Electricity)",0,"2021-10-04 04:02:53",0,"2021-10-04 04:02:53"
24840,10000,"Augment","Red","Damage (Fire)",0,"2021-10-04 04:02:53",0,"2021-10-04 04:02:53"
24850,10000,"Augment","Red","Damage (Force)",0,"2021-10-04 04:02:53",0,"2021-10-04 04:02:53"
24860,10000,"Augment","Red","Damage (Light)",0,"2021-10-04 04:02:53",0,"2021-10-04 04:02:53"
24870,10000,"Augment","Red","Damage (Negative)",0,"2021-10-04 04:02:53",0,"2021-10-04 04:02:53"
24880,10000,"Augment","Red","Damage (Poison)",0,"2021-10-04 04:02:53",0,"2021-10-04 04:02:53"
24890,10000,"Augment","Red","Damage (Sonic)",0,"2021-10-04 04:02:53",0,"2021-10-04 04:02:53"
24900,10000,"Augment","Red","Spell Power (Combustion)",0,"2021-10-04 04:02:53",0,"2021-10-04 04:02:53"
24910,10000,"Augment","Red","Spell Power (Corrosion)",0,"2021-10-04 04:02:53",0,"2021-10-04 04:02:53"
24920,10000,"Augment","Red","Spell Power (Devotion)",0,"2021-10-04 04:02:53",0,"2021-10-04 04:02:53"
24930,10000,"Augment","Red","Spell Power (Glaciation)",0,"2021-10-04 04:02:53",0,"2021-10-04 04:02:53"
24940,10000,"Augment","Red","Spell Power (Impulse)",0,"2021-10-04 04:02:53",0,"2021-10-04 04:02:53"
24950,10000,"Augment","Red","Spell Power (Magnetism)",0,"2021-10-04 04:02:53",0,"2021-10-04 04:02:53"
24960,10000,"Augment","Red","Spell Power (Nullification)",0,"2021-10-04 04:02:53",0,"2021-10-04 04:02:53"
24970,10000,"Augment","Red","Spell Power (Radiance)",0,"2021-10-04 04:02:53",0,"2021-10-04 04:02:53"
24980,10000,"Augment","Red","Spell Power (Reconstruction)",0,"2021-10-04 04:02:53",0,"2021-10-04 04:02:53"
24990,10000,"Augment","Red","Spell Power (Resonance)",0,"2021-10-04 04:02:53",0,"2021-10-04 04:02:53"
25000,10000,"Augment","Red","Adamantine (Weapon)",0,"2021-10-04 04:02:53",0,"2021-10-04 04:02:53"
25010,10000,"Augment","Red","Byeshk",0,"2021-10-04 04:02:53",0,"2021-10-04 04:02:53"
25020,10000,"Augment","Red","Cold Iron",0,"2021-10-04 04:02:53",0,"2021-10-04 04:02:53"
25030,10000,"Augment","Red","Silver",0,"2021-10-04 04:02:53",0,"2021-10-04 04:02:53"
25040,10000,"Augment","Red","Chaos Aligned",0,"2021-10-04 04:02:53",0,"2021-10-04 04:02:53"
25050,10000,"Augment","Red","Evil Aligned",0,"2021-10-04 04:02:53",0,"2021-10-04 04:02:53"
25060,10000,"Augment","Red","Good Aligned",0,"2021-10-04 04:02:53",0,"2021-10-04 04:02:53"
25070,10000,"Augment","Red","Law Aligned",0,"2021-10-04 04:02:53",0,"2021-10-04 04:02:53"
25080,10000,"Augment","Colorless","Ability (Charisma)",0,"2021-10-04 04:02:53",0,"2021-10-04 04:02:53"
25090,10000,"Augment","Colorless","Ability (Constitution)",0,"2021-10-04 04:02:53",0,"2021-10-04 04:02:53"
25100,10000,"Augment","Colorless","Ability (Dexterity)",0,"2021-10-04 04:02:53",0,"2021-10-04 04:02:53"
25110,10000,"Augment","Colorless","Ability (Intelligence)",0,"2021-10-04 04:02:53",0,"2021-10-04 04:02:53"
25120,10000,"Augment","Colorless","Ability (Strength)",0,"2021-10-04 04:02:53",0,"2021-10-04 04:02:53"
25130,10000,"Augment","Colorless","Ability (Wisdom)",0,"2021-10-04 04:02:53",0,"2021-10-04 04:02:53"
25140,10000,"Augment","Colorless","Insightful Ability (Charisma)",0,"2021-10-04 04:02:53",0,"2021-10-04 04:02:53"
25150,10000,"Augment","Colorless","Insightful Ability (Constitution)",0,"2021-10-04 04:02:53",0,"2021-10-04 04:02:53"
25160,10000,"Augment","Colorless","Insightful Ability (Dexterity)",0,"2021-10-04 04:02:53",0,"2021-10-04 04:02:53"
25170,10000,"Augment","Colorless","Insightful Ability (Intelligence)",0,"2021-10-04 04:02:53",0,"2021-10-04 04:02:53"
25180,10000,"Augment","Colorless","Insightful Ability (Strength)",0,"2021-10-04 04:02:53",0,"2021-10-04 04:02:53"
25190,10000,"Augment","Colorless","Insightful Ability (Wisdom)",0,"2021-10-04 04:02:53",0,"2021-10-04 04:02:53"
25200,10000,"Augment","Colorless","Exceptional Ability (Charisma)",0,"2021-10-04 04:02:53",0,"2021-10-04 04:02:53"
25210,10000,"Augment","Colorless","Exceptional Ability (Constitution)",0,"2021-10-04 04:02:53",0,"2021-10-04 04:02:53"
25220,10000,"Augment","Colorless","Exceptional Ability (Dexterity)",0,"2021-10-04 04:02:53",0,"2021-10-04 04:02:53"
25230,10000,"Augment","Colorless","Exceptional Ability (Intelligence)",0,"2021-10-04 04:02:53",0,"2021-10-04 04:02:53"
25240,10000,"Augment","Colorless","Exceptional Ability (Strength)",0,"2021-10-04 04:02:53",0,"2021-10-04 04:02:53"
25250,10000,"Augment","Colorless","Exceptional Ability (Wisdom)",0,"2021-10-04 04:02:53",0,"2021-10-04 04:02:53"
25260,10000,"Augment","Colorless","Imperial Blood",0,"2021-10-04 04:02:53",0,"2021-10-04 04:02:53"
25270,10000,"Augment","Colorless","True Imperial Blood",0,"2021-10-04 04:02:53",0,"2021-10-04 04:02:53"
25280,10000,"Augment","Colorless","Skill (Balance)",0,"2021-10-04 04:02:53",0,"2021-10-04 04:02:53"
25290,10000,"Augment","Colorless","Skill (Bluff)",0,"2021-10-04 04:02:53",0,"2021-10-04 04:02:53"
25300,10000,"Augment","Colorless","Skill (Concentration)",0,"2021-10-04 04:02:53",0,"2021-10-04 04:02:53"
25310,10000,"Augment","Colorless","Skill (Diplomacy)",0,"2021-10-04 04:02:53",0,"2021-10-04 04:02:53"
25320,10000,"Augment","Colorless","Skill (Disable Device)",0,"2021-10-04 04:02:53",0,"2021-10-04 04:02:53"
25330,10000,"Augment","Colorless","Skill (Haggle)",0,"2021-10-04 04:02:53",0,"2021-10-04 04:02:53"
25340,10000,"Augment","Colorless","Skill (Heal)",0,"2021-10-04 04:02:53",0,"2021-10-04 04:02:53"
25350,10000,"Augment","Colorless","Skill (Hide)",0,"2021-10-04 04:02:53",0,"2021-10-04 04:02:53"
25360,10000,"Augment","Colorless","Skill (Intimidate)",0,"2021-10-04 04:02:53",0,"2021-10-04 04:02:53"
25370,10000,"Augment","Colorless","Skill (Jump)",0,"2021-10-04 04:02:53",0,"2021-10-04 04:02:53"
25380,10000,"Augment","Colorless","Skill (Listen)",0,"2021-10-04 04:02:53",0,"2021-10-04 04:02:53"
25390,10000,"Augment","Colorless","Skill (Move Silently)",0,"2021-10-04 04:02:53",0,"2021-10-04 04:02:53"
25400,10000,"Augment","Colorless","Skill (Open Lock)",0,"2021-10-04 04:02:53",0,"2021-10-04 04:02:53"
25410,10000,"Augment","Colorless","Skill (Perform)",0,"2021-10-04 04:02:53",0,"2021-10-04 04:02:53"
25420,10000,"Augment","Colorless","Skill (Repair)",0,"2021-10-04 04:02:53",0,"2021-10-04 04:02:53"
25430,10000,"Augment","Colorless","Skill (Search)",0,"2021-10-04 04:02:53",0,"2021-10-04 04:02:53"
25440,10000,"Augment","Colorless","Spellsight",0,"2021-10-04 04:02:53",0,"2021-10-04 04:02:53"
25450,10000,"Augment","Colorless","Skill (Spot)",0,"2021-10-04 04:02:53",0,"2021-10-04 04:02:53"
25460,10000,"Augment","Colorless","Skill (Swim)",0,"2021-10-04 04:02:53",0,"2021-10-04 04:02:53"
25470,10000,"Augment","Colorless","Skill (Tumble)",0,"2021-10-04 04:02:53",0,"2021-10-04 04:02:53"
25480,10000,"Augment","Colorless","Skill (Use Magic Device)",0,"2021-10-04 04:02:53",0,"2021-10-04 04:02:53"
25490,10000,"Augment","Colorless","Master's Gift",0,"2021-10-04 04:02:53",0,"2021-10-04 04:02:53"
25493,10000,"Augment","Colorless","Vitality",0,"2021-10-04 04:02:53",0,"2021-10-04 04:02:53"
25500,10000,"Augment","Blue","Sheltering",0,"2021-10-04 04:02:53",0,"2021-10-04 04:02:53"
25510,10000,"Augment","Blue","Twilight",0,"2021-10-04 04:02:53",0,"2021-10-04 04:02:53"
25520,10000,"Augment","Blue","Accuracy",0,"2021-10-04 04:02:53",0,"2021-10-04 04:02:53"
25530,10000,"Augment","Blue","Max Dex Bonus",0,"2021-10-04 04:02:53",0,"2021-10-04 04:02:53"
25540,10000,"Augment","Blue","Protection",0,"2021-10-04 04:02:53",0,"2021-10-04 04:02:53"
25550,10000,"Augment","Blue","Natural Armor",0,"2021-10-04 04:02:53",0,"2021-10-04 04:02:53"
25560,10000,"Augment","Blue","Dodge",0,"2021-10-04 04:02:53",0,"2021-10-04 04:02:53"
25570,10000,"Augment","Blue","Stunning",0,"2021-10-04 04:02:53",0,"2021-10-04 04:02:53"
25580,10000,"Augment","Blue","Insightful Magical Sheltering",0,"2021-10-04 04:02:53",0,"2021-10-04 04:02:53"
25590,10000,"Augment","Blue","Insightful Physical Sheltering",0,"2021-10-04 04:02:53",0,"2021-10-04 04:02:53"
25600,10000,"Augment","Blue","False Life",0,"2021-10-04 04:02:53",0,"2021-10-04 04:02:53"
25610,10000,"Augment","Blue","Good Luck",0,"2021-10-04 04:02:53",0,"2021-10-04 04:02:53"
25620,10000,"Augment","Blue","Fortification",0,"2021-10-04 04:02:53",0,"2021-10-04 04:02:53"
25630,10000,"Augment","Blue","Resistance",0,"2021-10-04 04:02:53",0,"2021-10-04 04:02:53"
25640,10000,"Augment","Blue","Sunder",0,"2021-10-04 04:02:53",0,"2021-10-04 04:02:53"
25650,10000,"Augment","Blue","Trip",0,"2021-10-04 04:02:53",0,"2021-10-04 04:02:53"
25660,10000,"Augment","Yellow","Resist (Acid)",0,"2021-10-04 04:02:53",0,"2021-10-04 04:02:53"
25670,10000,"Augment","Yellow","Resist (Cold)",0,"2021-10-04 04:02:53",0,"2021-10-04 04:02:53"
25680,10000,"Augment","Yellow","Resist (Electric)",0,"2021-10-04 04:02:53",0,"2021-10-04 04:02:53"
25690,10000,"Augment","Yellow","Resist (Fire)",0,"2021-10-04 04:02:53",0,"2021-10-04 04:02:53"
25700,10000,"Augment","Yellow","Resist (Poison)",0,"2021-10-04 04:02:53",0,"2021-10-04 04:02:53"
25710,10000,"Augment","Yellow","Resist (Sonic)",0,"2021-10-04 04:02:53",0,"2021-10-04 04:02:53"
25720,10000,"Augment","Yellow","Resist (Light)",0,"2021-10-04 04:02:53",0,"2021-10-04 04:02:53"
25730,10000,"Augment","Yellow","Resist (Negative)",0,"2021-10-04 04:02:53",0,"2021-10-04 04:02:53"
25740,10000,"Augment","Yellow","Blindness Immunity",0,"2021-10-04 04:02:53",0,"2021-10-04 04:02:53"
25750,10000,"Augment","Yellow","Disease Ward",0,"2021-10-04 04:02:53",0,"2021-10-04 04:02:53"
25760,10000,"Augment","Yellow","Poison Ward",0,"2021-10-04 04:02:53",0,"2021-10-04 04:02:53"
25770,10000,"Augment","Yellow","Fear Immunity",0,"2021-10-04 04:02:53",0,"2021-10-04 04:02:53"
25780,10000,"Augment","Yellow","Striding/Speed",0,"2021-10-04 04:02:53",0,"2021-10-04 04:02:53"
25790,10000,"Augment","Yellow","Deathblock",0,"2021-10-04 04:02:53",0,"2021-10-04 04:02:53"
25800,10000,"Augment","Yellow","Spell Focus (Abjuration)",0,"2021-10-04 04:02:53",0,"2021-10-04 04:02:53"
25810,10000,"Augment","Yellow","Spell Focus (Conjuration)",0,"2021-10-04 04:02:53",0,"2021-10-04 04:02:53"
25820,10000,"Augment","Yellow","Spell Focus (Divination)",0,"2021-10-04 04:02:54",0,"2021-10-04 04:02:54"
25830,10000,"Augment","Yellow","Spell Focus (Enchantment)",0,"2021-10-04 04:02:54",0,"2021-10-04 04:02:54"
25840,10000,"Augment","Yellow","Spell Focus (Evocation)",0,"2021-10-04 04:02:54",0,"2021-10-04 04:02:54"
25850,10000,"Augment","Yellow","Spell Focus (Illusion)",0,"2021-10-04 04:02:54",0,"2021-10-04 04:02:54"
25860,10000,"Augment","Yellow","Spell Focus (Necromancy)",0,"2021-10-04 04:02:54",0,"2021-10-04 04:02:54"
25870,10000,"Augment","Yellow","Spell Focus (Transmutation)",0,"2021-10-04 04:02:54",0,"2021-10-04 04:02:54"
25880,10000,"Augment","Yellow","Spell Focus Mastery",0,"2021-10-04 04:02:54",0,"2021-10-04 04:02:54"
25890,10000,"Augment","Yellow","Feather Fall",0,"2021-10-04 04:02:54",0,"2021-10-04 04:02:54"
25900,10000,"Augment","Yellow","Underwater Action",0,"2021-10-04 04:02:54",0,"2021-10-04 04:02:54"
25910,10000,"Augment","Yellow","Wizardry",0,"2021-10-04 04:02:54",0,"2021-10-04 04:02:54"
25920,10000,"Augment","Yellow","Spell Penetration",0,"2021-10-04 04:02:54",0,"2021-10-04 04:02:54"
